WIC_Job_Location_Snapshot_ID,Job_Title,Original_Job_Title,NOC21_Code,NOC21_Code_Name,First_Posting_Date,Month,Vacancy_Count,Province_Territory,City,Economic_Region,Employment_Type,Employment_Term,Education_LOS,Experience_Level,Salary_Condition_Detail,Salary_Per,Salary_Minimum,Salary_Maximum,Estimated_Annual_Min,Estimated_Annual_Max,Estimated_Annual_Mid,Salary_Valid,NOC21_Code_Clean,Digital Literacy,Numeracy,Problem Solving,Systems Analysis,Critical Thinking,Decision Making,Reading Comprehension,Writing,Troubleshooting,Time Management
15292904,data scientist,Data Scientist III,21211.0,Data scientists,2026-03-01,2026-03,1,Ontario,Toronto,Toronto Region,Full time,Permanent employment,Not specified,Not specified,$30.00 to $69.74 hourly,Hour,30.0,69.74,62400.0,145059.19999999998,103729.59999999999,True,21211,5.0,5.0,5.0,5.0,5.0,4.0,4.0,4.0,4.0,3.0
15294248,data analyst - informatics and systems,Not specified,21223.0,Database analysts and data administrators,2026-03-02,2026-03,1,Ontario,Richmond Hill,Toronto Region,Full time,Permanent employment,Bachelor's degree,1 year to less than 2 years,$45.00 hourly,Hour,45.0,45.0,93600.0,93600.0,93600.0,True,21223,4.0,3.5,4.5,4.0,4.0,4.0,4.0,3.5,3.0,3.0
15302714,data analyst - informatics and systems,Data Designer I,21223.0,Database analysts and data administrators,2026-03-06,2026-03,1,Ontario,Toronto,Toronto Region,Full time,Permanent employment,Not specified,Not specified,$25.00 to $61.03 hourly,Hour,25.0,61.03,52000.0,126942.4,89471.2,True,21223,4.0,3.5,4.5,4.0,4.0,4.0,4.0,3.5,3.0,3.0
15331715,data analyst - informatics and systems,Site Reliability Engineer II - PC Financial &amp; Services,21223.0,Database analysts and data administrators,2026-03-15,2026-03,1,Ontario,Toronto,Toronto Region,Full time,Permanent employment,Not specified,Not specified,$24.00 to $58.00 hourly,Hour,24.0,58.0,49920.0,120640.0,85280.0,True,21223,4.0,3.5,4.5,4.0,4.0,4.0,4.0,3.5,3.0,3.0
15355332,business data analyst,Not specified,21221.0,Business systems specialists,2026-03-25,2026-03,2,Ontario,Nepean,Ottawa Region,Full time,Term or contract,Master's degree,5 years or more,"$3,850.00 biweekly",Bi-weekly,3850.0,3850.0,100100.0,100100.0,100100.0,True,21221,5.0,4.0,5.0,5.0,5.0,4.0,4.0,4.0,4.0,4.0
15353083,data analyst - informatics and systems,Analyst-developer - Health data integration and infrastructure,21223.0,Database analysts and data administrators,2026-03-25,2026-03,1,New Brunswick,Sainte-Anne-de-Kent,Moncton–Richibucto Region,Full time,Term or contract,Not specified,Not specified,"$66,924.00 to $93,470.00 annually",Year,66924.0,93470.0,66924.0,93470.0,80197.0,True,21223,4.0,3.5,4.5,4.0,4.0,4.0,4.0,3.5,3.0,3.0
15346163,data scientist,"Lead Data Scientist, Fraud Applied AI &amp; Innovation",21211.0,Data scientists,2026-03-22,2026-03,1,Ontario,Toronto,Toronto Region,Full time,Permanent employment,Not specified,Not specified,$30.00 to $69.74 hourly,Hour,30.0,69.74,62400.0,145059.19999999998,103729.59999999999,True,21211,5.0,5.0,5.0,5.0,5.0,4.0,4.0,4.0,4.0,3.0
15346598,business data analyst,Not specified,21221.0,Business systems specialists,2026-03-23,2026-03,1,Alberta,Edmonton,Edmonton Region,Full time,Permanent employment,Not specified,Not specified,$48.10 hourly,Hour,48.1,48.1,100048.0,100048.0,100048.0,True,21221,5.0,4.0,5.0,5.0,5.0,4.0,4.0,4.0,4.0,4.0
15292862,data scientist,Data Scientist I,21211.0,Data scientists,2026-03-01,2026-03,1,Ontario,Toronto,Toronto Region,Full time,Permanent employment,Not specified,Not specified,$30.00 to $69.74 hourly,Hour,30.0,69.74,62400.0,145059.19999999998,103729.59999999999,True,21211,5.0,5.0,5.0,5.0,5.0,4.0,4.0,4.0,4.0,3.0
15305659,big data analyst,Data Analyst,21211.0,Data scientists,2026-03-02,2026-03,1,Ontario,Toronto,Toronto Region,Full time,Not specified,Not specified,Not specified,"$85,000.00 to $100,000.00 annually",Year,85000.0,100000.0,85000.0,100000.0,92500.0,True,21211,5.0,5.0,5.0,5.0,5.0,4.0,4.0,4.0,4.0,3.0
15362580,data analyst - informatics and systems,Sr. Data Analyst - NBA Delivery Optimization,21223.0,Database analysts and data administrators,2026-03-29,2026-03,1,Ontario,Toronto,Toronto Region,Full time,Permanent employment,Not specified,Not specified,$25.00 to $61.03 hourly,Hour,25.0,61.03,52000.0,126942.4,89471.2,True,21223,4.0,3.5,4.5,4.0,4.0,4.0,4.0,3.5,3.0,3.0
15308596,data scientist,Data Scientist II,21211.0,Data scientists,2026-03-07,2026-03,1,Ontario,Toronto,Toronto Region,Full time,Permanent employment,Not specified,Not specified,$30.00 to $69.74 hourly,Hour,30.0,69.74,62400.0,145059.19999999998,103729.59999999999,True,21211,5.0,5.0,5.0,5.0,5.0,4.0,4.0,4.0,4.0,3.0
15327769,data analyst - informatics and systems,Senior Power BI Developer,21223.0,Database analysts and data administrators,2026-03-15,2026-03,1,Ontario,Toronto,Toronto Region,Full time,Permanent employment,Not specified,Not specified,$25.00 to $61.03 hourly,Hour,25.0,61.03,52000.0,126942.4,89471.2,True,21223,4.0,3.5,4.5,4.0,4.0,4.0,4.0,3.5,3.0,3.0
15297830,data analyst - informatics and systems,Data Designer II,21223.0,Database analysts and data administrators,2026-03-04,2026-03,1,Ontario,Toronto,Toronto Region,Full time,Permanent employment,Not specified,Not specified,$25.00 to $61.03 hourly,Hour,25.0,61.03,52000.0,126942.4,89471.2,True,21223,4.0,3.5,4.5,4.0,4.0,4.0,4.0,3.5,3.0,3.0
15353820,data analyst - informatics and systems,"Senior Analytics Engineer, RBCx Analytics",21223.0,Database analysts and data administrators,2026-03-25,2026-03,1,Ontario,Toronto,Toronto Region,Full time,Permanent employment,Not specified,Not specified,$25.00 to $61.03 hourly,Hour,25.0,61.03,52000.0,126942.4,89471.2,True,21223,4.0,3.5,4.5,4.0,4.0,4.0,4.0,3.5,3.0,3.0
15345524,data analyst - informatics and systems,Data Platform Risk and Operations Analyst,21223.0,Database analysts and data administrators,2026-03-21,2026-03,1,Ontario,Toronto,Toronto Region,Full time,Permanent employment,Not specified,Not specified,$25.00 to $61.03 hourly,Hour,25.0,61.03,52000.0,126942.4,89471.2,True,21223,4.0,3.5,4.5,4.0,4.0,4.0,4.0,3.5,3.0,3.0
15306614,data scientist,"Sr. Data Engineer, Data Integration and Management",21211.0,Data scientists,2026-03-06,2026-03,1,Ontario,Toronto,Toronto Region,Full time,Permanent employment,Not specified,Not specified,$30.00 to $69.74 hourly,Hour,30.0,69.74,62400.0,145059.19999999998,103729.59999999999,True,21211,5.0,5.0,5.0,5.0,5.0,4.0,4.0,4.0,4.0,3.0
15330727,data scientist,Not specified,21211.0,Data scientists,2026-03-16,2026-03,1,Ontario,Kitchener,Kitchener–Waterloo–Barrie Region,Full time,Not specified,Not specified,Not specified,"$53,094.34 to $116,898.51 annually",Year,53094.34,116898.51,53094.34,116898.51,84996.42499999999,True,21211,5.0,5.0,5.0,5.0,5.0,4.0,4.0,4.0,4.0,3.0
15302642,data scientist,Senior Data Engineer (Tech Delivery Lead),21211.0,Data scientists,2026-03-05,2026-03,1,Ontario,Toronto,Toronto Region,Full time,Permanent employment,Not specified,Not specified,$30.00 to $69.74 hourly,Hour,30.0,69.74,62400.0,145059.19999999998,103729.59999999999,True,21211,5.0,5.0,5.0,5.0,5.0,4.0,4.0,4.0,4.0,3.0
15319894,data scientist,Data Scientist II,21211.0,Data scientists,2026-03-12,2026-03,1,Ontario,Toronto,Toronto Region,Full time,Permanent employment,Not specified,Not specified,$30.00 to $69.74 hourly,Hour,30.0,69.74,62400.0,145059.19999999998,103729.59999999999,True,21211,5.0,5.0,5.0,5.0,5.0,4.0,4.0,4.0,4.0,3.0
15345101,big data analyst,Data Analyst,21211.0,Data scientists,2026-03-21,2026-03,1,Ontario,Toronto,Toronto Region,Part time,Not specified,Not specified,Not specified,$20.00 hourly,Hour,20.0,20.0,41600.0,41600.0,41600.0,True,21211,5.0,5.0,5.0,5.0,5.0,4.0,4.0,4.0,4.0,3.0
15326690,data scientist,Senior Data Engineer,21211.0,Data scientists,2026-03-14,2026-03,1,Ontario,Toronto,Toronto Region,Full time,Permanent employment,Not specified,Not specified,$30.00 to $69.74 hourly,Hour,30.0,69.74,62400.0,145059.19999999998,103729.59999999999,True,21211,5.0,5.0,5.0,5.0,5.0,4.0,4.0,4.0,4.0,3.0
15357202,data analyst - informatics and systems,Asset Management Specialist,21223.0,Database analysts and data administrators,2026-03-26,2026-03,1,British Columbia,Victoria,Vancouver Island and Coast Region,Full time,Permanent employment,Not specified,Not specified,$62.26 hourly,Hour,62.26,62.26,129500.8,129500.8,129500.8,True,21223,4.0,3.5,4.5,4.0,4.0,4.0,4.0,3.5,3.0,3.0
15357573,big data analyst,Data Analyst,21211.0,Data scientists,2026-03-26,2026-03,1,Ontario,Markham,Toronto Region,Full time,Not specified,Not specified,Not specified,$44.47 hourly,Hour,44.47,44.47,92497.59999999999,92497.59999999999,92497.59999999999,True,21211,5.0,5.0,5.0,5.0,5.0,4.0,4.0,4.0,4.0,3.0
15353084,data analyst - informatics and systems,Analyst-developer - Health data integration and infrastructure,21223.0,Database analysts and data administrators,2026-03-25,2026-03,1,New Brunswick,Tracadie,Campbellton–Miramichi Region,Full time,Term or contract,Not specified,Not specified,"$66,924.00 to $93,470.00 annually",Year,66924.0,93470.0,66924.0,93470.0,80197.0,True,21223,4.0,3.5,4.5,4.0,4.0,4.0,4.0,3.5,3.0,3.0
15341700,data scientist,Not specified,21211.0,Data scientists,2026-03-20,2026-03,1,Ontario,Not specified,Not specified,Full time,Permanent employment,Bachelor's degree,2 years to less than 3 years,"$85,000.00 to $95,000.00 annually (to be negotiated)",Year,85000.0,95000.0,85000.0,95000.0,90000.0,True,21211,5.0,5.0,5.0,5.0,5.0,4.0,4.0,4.0,4.0,3.0
15295543,data scientist,"Data Scientist III, TD Auto Finance",21211.0,Data scientists,2026-03-02,2026-03,1,Ontario,Toronto,Toronto Region,Full time,Permanent employment,Not specified,Not specified,$30.00 to $69.74 hourly,Hour,30.0,69.74,62400.0,145059.19999999998,103729.59999999999,True,21211,5.0,5.0,5.0,5.0,5.0,4.0,4.0,4.0,4.0,3.0
15369225,data scientist,Scientifique des données,21211.0,Data scientists,2026-03-31,2026-03,1,Québec,Montréal,Montréal Region,Full time,Not specified,Not specified,Not specified,"$70,000.00 to $110,000.00 annually",Year,70000.0,110000.0,70000.0,110000.0,90000.0,True,21211,5.0,5.0,5.0,5.0,5.0,4.0,4.0,4.0,4.0,3.0
15333529,data scientist,Not specified,21211.0,Data scientists,2026-03-16,2026-03,1,Alberta,Calgary,Calgary Region,Full time,Permanent employment,Not specified,Not specified,"$178,396.92 annually",Year,178396.92,178396.92,178396.92,178396.92,178396.92,True,21211,5.0,5.0,5.0,5.0,5.0,4.0,4.0,4.0,4.0,3.0
15353078,data analyst - informatics and systems,Analyst-developer - Health data integration and infrastructure,21223.0,Database analysts and data administrators,2026-03-25,2026-03,1,New Brunswick,Moncton,Moncton–Richibucto Region,Full time,Term or contract,Not specified,Not specified,"$66,924.00 to $93,470.00 annually",Year,66924.0,93470.0,66924.0,93470.0,80197.0,True,21223,4.0,3.5,4.5,4.0,4.0,4.0,4.0,3.5,3.0,3.0
15357012,business data analyst,Business Intelligence Data Analyst (Program Admin Officer 3),21221.0,Business systems specialists,2026-03-26,2026-03,1,Nova Scotia,Halifax,Halifax Region,Full time,Permanent employment,Not specified,Not specified,"$2,805.63 to $3,410.48 biweekly",Bi-weekly,2805.63,3410.48,72946.38,88672.48,80809.43,True,21221,5.0,4.0,5.0,5.0,5.0,4.0,4.0,4.0,4.0,4.0
15336400,data analyst - informatics and systems,Not specified,21223.0,Database analysts and data administrators,2026-03-18,2026-03,1,Saskatchewan,Regina,Regina–Moose Mountain Region,Full time,Not specified,Not specified,Not specified,"$34.90 ($5,308.29) - $44.36 ($6,747.16)",Hour,34.9,5308.29,72592.0,11041243.200000001,5556917.600000001,False,21223,4.0,3.5,4.5,4.0,4.0,4.0,4.0,3.5,3.0,3.0
15371694,data scientist,Senior Data Engineer,21211.0,Data scientists,2026-03-18,2026-03,1,Ontario,Toronto,Toronto Region,Full time,Permanent employment,Not specified,Not specified,$30.00 to $69.74 hourly,Hour,30.0,69.74,62400.0,145059.19999999998,103729.59999999999,True,21211,5.0,5.0,5.0,5.0,5.0,4.0,4.0,4.0,4.0,3.0
15293302,data analyst - informatics and systems,Data Designer II,21223.0,Database analysts and data administrators,2026-03-01,2026-03,1,Ontario,Toronto,Toronto Region,Full time,Permanent employment,Not specified,Not specified,$25.00 to $61.03 hourly,Hour,25.0,61.03,52000.0,126942.4,89471.2,True,21223,4.0,3.5,4.5,4.0,4.0,4.0,4.0,3.5,3.0,3.0
15361674,data analyst - informatics and systems,Senior Analyst BI Reporting,21223.0,Database analysts and data administrators,2026-03-28,2026-03,1,Ontario,Toronto,Toronto Region,Full time,Permanent employment,Not specified,Not specified,$25.00 to $61.03 hourly,Hour,25.0,61.03,52000.0,126942.4,89471.2,True,21223,4.0,3.5,4.5,4.0,4.0,4.0,4.0,3.5,3.0,3.0
15361773,data scientist,"Data Scientist, Global AML Transaction Monitoring",21211.0,Data scientists,2026-03-28,2026-03,1,Ontario,Toronto,Toronto Region,Full time,Permanent employment,Not specified,Not specified,$30.00 to $69.74 hourly,Hour,30.0,69.74,62400.0,145059.19999999998,103729.59999999999,True,21211,5.0,5.0,5.0,5.0,5.0,4.0,4.0,4.0,4.0,3.0
15363720,data analytics specialist,Not specified,21211.0,Data scientists,2026-03-30,2026-03,1,Ontario,Toronto,Toronto Region,Full time,Permanent employment,Bachelor's degree,2 years to less than 3 years,"$80,000.00 to $115,000.00 annually (to be negotiated)",Year,80000.0,115000.0,80000.0,115000.0,97500.0,True,21211,5.0,5.0,5.0,5.0,5.0,4.0,4.0,4.0,4.0,3.0
15309711,data analyst - informatics and systems,Site Reliability Engineer: Automate &amp; Fortify Resilience,21223.0,Database analysts and data administrators,2026-03-08,2026-03,1,Ontario,Toronto,Toronto Region,Full time,Permanent employment,Not specified,Not specified,$24.00 to $58.00 hourly,Hour,24.0,58.0,49920.0,120640.0,85280.0,True,21223,4.0,3.5,4.5,4.0,4.0,4.0,4.0,3.5,3.0,3.0
15314696,data scientist,Sr. Data Engineer,21211.0,Data scientists,2026-03-10,2026-03,1,Ontario,Mississauga,Toronto Region,Full time,Permanent employment,Not specified,Not specified,$30.00 to $69.74 hourly,Hour,30.0,69.74,62400.0,145059.19999999998,103729.59999999999,True,21211,5.0,5.0,5.0,5.0,5.0,4.0,4.0,4.0,4.0,3.0
15342796,business data analyst,Not specified,21221.0,Business systems specialists,2026-03-20,2026-03,1,Alberta,Edmonton,Edmonton Region,Full time,Permanent employment,Bachelor's degree,2 years to less than 3 years,$48.10 hourly,Hour,48.1,48.1,100048.0,100048.0,100048.0,True,21221,5.0,4.0,5.0,5.0,5.0,4.0,4.0,4.0,4.0,4.0
15300233,data scientist,Data Scientist III (B),21211.0,Data scientists,2026-03-04,2026-03,1,Ontario,Toronto,Toronto Region,Full time,Permanent employment,Not specified,Not specified,$30.00 to $69.74 hourly,Hour,30.0,69.74,62400.0,145059.19999999998,103729.59999999999,True,21211,5.0,5.0,5.0,5.0,5.0,4.0,4.0,4.0,4.0,3.0
15353077,data analyst - informatics and systems,Analyst-developer - Health data integration and infrastructure,21223.0,Database analysts and data administrators,2026-03-25,2026-03,1,New Brunswick,Edmundston,Edmundston–Woodstock Region,Full time,Term or contract,Not specified,Not specified,"$66,924.00 to $93,470.00 annually",Year,66924.0,93470.0,66924.0,93470.0,80197.0,True,21223,4.0,3.5,4.5,4.0,4.0,4.0,4.0,3.5,3.0,3.0
15362570,data scientist,Not specified,21211.0,Data scientists,2026-03-29,2026-03,1,Ontario,Toronto,Toronto Region,Full time,Permanent employment,Not specified,Not specified,$30.00 to $69.74 hourly,Hour,30.0,69.74,62400.0,145059.19999999998,103729.59999999999,True,21211,5.0,5.0,5.0,5.0,5.0,4.0,4.0,4.0,4.0,3.0
15314640,data scientist,"Senior Manager, Analytics &amp; Measurement",21211.0,Data scientists,2026-03-10,2026-03,1,Ontario,Toronto,Toronto Region,Full time,Permanent employment,Not specified,Not specified,$30.00 to $69.74 hourly,Hour,30.0,69.74,62400.0,145059.19999999998,103729.59999999999,True,21211,5.0,5.0,5.0,5.0,5.0,4.0,4.0,4.0,4.0,3.0
15311340,data scientist,Senior Data Engineer- GFT,21211.0,Data scientists,2026-03-09,2026-03,1,Ontario,Toronto,Toronto Region,Full time,Permanent employment,Not specified,Not specified,$30.00 to $69.74 hourly,Hour,30.0,69.74,62400.0,145059.19999999998,103729.59999999999,True,21211,5.0,5.0,5.0,5.0,5.0,4.0,4.0,4.0,4.0,3.0
15302672,data scientist,Full Stack Data Science Engineer,21211.0,Data scientists,2026-03-06,2026-03,1,Québec,Montréal,Montréal Region,Full time,Permanent employment,Not specified,Not specified,$30.00 to $69.74 hourly,Hour,30.0,69.74,62400.0,145059.19999999998,103729.59999999999,True,21211,5.0,5.0,5.0,5.0,5.0,4.0,4.0,4.0,4.0,3.0
15323309,data analyst - informatics and systems,Not specified,21223.0,Database analysts and data administrators,2026-03-13,2026-03,1,Ontario,Etobicoke,Toronto Region,Full time,Permanent employment,Bachelor's degree,2 years to less than 3 years,$43.96 hourly,Hour,43.96,43.96,91436.8,91436.8,91436.8,True,21223,4.0,3.5,4.5,4.0,4.0,4.0,4.0,3.5,3.0,3.0
15323566,data scientist,"Data Scientist II, Digital Analytics",21211.0,Data scientists,2026-03-13,2026-03,1,Ontario,Toronto,Toronto Region,Full time,Permanent employment,Not specified,Not specified,$30.00 to $69.74 hourly,Hour,30.0,69.74,62400.0,145059.19999999998,103729.59999999999,True,21211,5.0,5.0,5.0,5.0,5.0,4.0,4.0,4.0,4.0,3.0
15306899,data scientist,Not specified,21211.0,Data scientists,2026-03-06,2026-03,1,Québec,Not specified,Not specified,Full time,Permanent employment,Bachelor's degree,1 year to less than 2 years,$46.15 hourly,Hour,46.15,46.15,95992.0,95992.0,95992.0,True,21211,5.0,5.0,5.0,5.0,5.0,4.0,4.0,4.0,4.0,3.0
15353079,data analyst - informatics and systems,Analyst-developer - Health data integration and infrastructure,21223.0,Database analysts and data administrators,2026-03-25,2026-03,1,New Brunswick,Bathurst,Campbellton–Miramichi Region,Full time,Term or contract,Not specified,Not specified,"$66,924.00 to $93,470.00 annually",Year,66924.0,93470.0,66924.0,93470.0,80197.0,True,21223,4.0,3.5,4.5,4.0,4.0,4.0,4.0,3.5,3.0,3.0
15353081,data analyst - informatics and systems,Analyst-developer - Health data integration and infrastructure,21223.0,Database analysts and data administrators,2026-03-25,2026-03,1,New Brunswick,Saint-Quentin,Campbellton–Miramichi Region,Full time,Term or contract,Not specified,Not specified,"$66,924.00 to $93,470.00 annually",Year,66924.0,93470.0,66924.0,93470.0,80197.0,True,21223,4.0,3.5,4.5,4.0,4.0,4.0,4.0,3.5,3.0,3.0
15353082,data analyst - informatics and systems,Analyst-developer - Health data integration and infrastructure,21223.0,Database analysts and data administrators,2026-03-25,2026-03,1,New Brunswick,Caraquet,Campbellton–Miramichi Region,Full time,Term or contract,Not specified,Not specified,"$66,924.00 to $93,470.00 annually",Year,66924.0,93470.0,66924.0,93470.0,80197.0,True,21223,4.0,3.5,4.5,4.0,4.0,4.0,4.0,3.5,3.0,3.0
15344933,data analyst - informatics and systems,"Product Owner, Data Platform",21223.0,Database analysts and data administrators,2026-03-21,2026-03,1,Ontario,Mississauga,Toronto Region,Full time,Permanent employment,Not specified,Not specified,$25.00 to $61.03 hourly,Hour,25.0,61.03,52000.0,126942.4,89471.2,True,21223,4.0,3.5,4.5,4.0,4.0,4.0,4.0,3.5,3.0,3.0
15365714,data scientist,Head of Advanced Analytics &amp; MLOps,21211.0,Data scientists,2026-03-05,2026-03,1,Manitoba,Winnipeg,Winnipeg Region,Full time,Permanent employment,Not specified,Not specified,$26.00 to $78.00 hourly,Hour,26.0,78.0,54080.0,162240.0,108160.0,True,21211,5.0,5.0,5.0,5.0,5.0,4.0,4.0,4.0,4.0,3.0
15293390,marketing data analyst,Not specified,41402.0,Business development officers and market researchers and analysts,2026-03-01,2026-03,1,Ontario,Markham,Toronto Region,Full time,Permanent employment,Bachelor's degree,3 years to less than 5 years,$48.00 hourly,Hour,48.0,48.0,99840.0,99840.0,99840.0,True,41402,4.0,4.0,4.0,4.0,4.0,4.0,4.0,4.0,0.0,3.0
15293268,data scientist,"Data Scientist II, RESL Analytics",21211.0,Data scientists,2026-03-01,2026-03,1,Ontario,Toronto,Toronto Region,Full time,Permanent employment,Not specified,Not specified,$30.00 to $69.74 hourly,Hour,30.0,69.74,62400.0,145059.19999999998,103729.59999999999,True,21211,5.0,5.0,5.0,5.0,5.0,4.0,4.0,4.0,4.0,3.0
15296447,data scientist,"Director Data Science, Culture and Conduct",21211.0,Data scientists,2026-03-03,2026-03,1,Ontario,Toronto,Toronto Region,Full time,Permanent employment,Not specified,Not specified,$30.00 to $69.74 hourly,Hour,30.0,69.74,62400.0,145059.19999999998,103729.59999999999,True,21211,5.0,5.0,5.0,5.0,5.0,4.0,4.0,4.0,4.0,3.0
15363383,"Senior Advisor/ Data Scientist, Advanced Analytics",Not specified,,Not specified,2026-03-30,2026-03,1,Ontario,Ottawa,Ottawa Region,Not specified,Not specified,Not specified,Not specified,"$89,056.00 annually",Year,89056.0,89056.0,89056.0,89056.0,89056.0,True,,,,,,,,,,,
15323256,data scientist,Not specified,21211.0,Data scientists,2026-03-12,2026-03,1,Ontario,Mississauga,Toronto Region,Full time,Permanent employment,Bachelor's degree,5 years or more,"$98,000.00 to $150,000.00 annually (to be negotiated)",Year,98000.0,150000.0,98000.0,150000.0,124000.0,True,21211,5.0,5.0,5.0,5.0,5.0,4.0,4.0,4.0,4.0,3.0
15353973,big data analyst,Data Analyst,21211.0,Data scientists,2026-03-24,2026-03,1,Ontario,Mississauga,Toronto Region,Full time,Not specified,Not specified,Not specified,"$68,100.00 to $76,500.00 annually",Year,68100.0,76500.0,68100.0,76500.0,72300.0,True,21211,5.0,5.0,5.0,5.0,5.0,4.0,4.0,4.0,4.0,3.0
15353076,data analyst - informatics and systems,Analyst-developer - Health data integration and infrastructure,21223.0,Database analysts and data administrators,2026-03-25,2026-03,1,New Brunswick,Campbellton,Campbellton–Miramichi Region,Full time,Term or contract,Not specified,Not specified,"$66,924.00 to $93,470.00 annually",Year,66924.0,93470.0,66924.0,93470.0,80197.0,True,21223,4.0,3.5,4.5,4.0,4.0,4.0,4.0,3.5,3.0,3.0
15353080,data analyst - informatics and systems,Analyst-developer - Health data integration and infrastructure,21223.0,Database analysts and data administrators,2026-03-25,2026-03,1,New Brunswick,Grand Falls,Edmundston–Woodstock Region,Full time,Term or contract,Not specified,Not specified,"$66,924.00 to $93,470.00 annually",Year,66924.0,93470.0,66924.0,93470.0,80197.0,True,21223,4.0,3.5,4.5,4.0,4.0,4.0,4.0,3.5,3.0,3.0
15294158,data analyst - informatics and systems,Associate Director - Analytics Engineer,21223.0,Database analysts and data administrators,2026-03-02,2026-03,1,Ontario,Toronto,Toronto Region,Full time,Permanent employment,Not specified,Not specified,$25.00 to $61.03 hourly,Hour,25.0,61.03,52000.0,126942.4,89471.2,True,21223,4.0,3.5,4.5,4.0,4.0,4.0,4.0,3.5,3.0,3.0
15294290,data scientist,Data Scientist II,21211.0,Data scientists,2026-03-02,2026-03,1,Ontario,Toronto,Toronto Region,Full time,Permanent employment,Not specified,Not specified,$30.00 to $69.74 hourly,Hour,30.0,69.74,62400.0,145059.19999999998,103729.59999999999,True,21211,5.0,5.0,5.0,5.0,5.0,4.0,4.0,4.0,4.0,3.0
15365833,data scientist,Senior Data Engineering Developer II,21211.0,Data scientists,2026-03-31,2026-03,1,Ontario,Toronto,Toronto Region,Full time,Permanent employment,Not specified,Not specified,$30.00 to $69.74 hourly,Hour,30.0,69.74,62400.0,145059.19999999998,103729.59999999999,True,21211,5.0,5.0,5.0,5.0,5.0,4.0,4.0,4.0,4.0,3.0
15302634,data scientist,Sr. Full Stack Data Science Engineer,21211.0,Data scientists,2026-03-04,2026-03,1,Québec,Montréal,Montréal Region,Full time,Permanent employment,Not specified,Not specified,$30.00 to $69.74 hourly,Hour,30.0,69.74,62400.0,145059.19999999998,103729.59999999999,True,21211,5.0,5.0,5.0,5.0,5.0,4.0,4.0,4.0,4.0,3.0
15308535,data scientist,Full Stack Data Science Engineering Specialist,21211.0,Data scientists,2026-03-06,2026-03,1,Québec,Montréal,Montréal Region,Full time,Permanent employment,Not specified,Not specified,$30.00 to $69.74 hourly,Hour,30.0,69.74,62400.0,145059.19999999998,103729.59999999999,True,21211,5.0,5.0,5.0,5.0,5.0,4.0,4.0,4.0,4.0,3.0
15323259,data analyst - informatics and systems,Not specified,21223.0,Database analysts and data administrators,2026-03-13,2026-03,1,Ontario,Mississauga,Toronto Region,Full time,Permanent employment,Bachelor's degree,2 years to less than 3 years,$43.96 hourly,Hour,43.96,43.96,91436.8,91436.8,91436.8,True,21223,4.0,3.5,4.5,4.0,4.0,4.0,4.0,3.5,3.0,3.0
15296773,data scientist,"Senior Manager, Data Product Owner &amp;ndash; Operational Data, Information &amp; AI",21211.0,Data scientists,2026-03-03,2026-03,1,Ontario,Toronto,Toronto Region,Full time,Permanent employment,Not specified,Not specified,$30.00 to $69.74 hourly,Hour,30.0,69.74,62400.0,145059.19999999998,103729.59999999999,True,21211,5.0,5.0,5.0,5.0,5.0,4.0,4.0,4.0,4.0,3.0
15349736,data scientist,"Manager, Data Science - Automotive Finance",21211.0,Data scientists,2026-03-24,2026-03,1,Ontario,Toronto,Toronto Region,Full time,Permanent employment,Not specified,Not specified,$30.00 to $69.74 hourly,Hour,30.0,69.74,62400.0,145059.19999999998,103729.59999999999,True,21211,5.0,5.0,5.0,5.0,5.0,4.0,4.0,4.0,4.0,3.0
15326632,data scientist,Principal Data Engineer - Tangerine,21211.0,Data scientists,2026-03-14,2026-03,1,Ontario,Toronto,Toronto Region,Full time,Permanent employment,Not specified,Not specified,$30.00 to $69.74 hourly,Hour,30.0,69.74,62400.0,145059.19999999998,103729.59999999999,True,21211,5.0,5.0,5.0,5.0,5.0,4.0,4.0,4.0,4.0,3.0
15353085,data analyst - informatics and systems,Analyst-developer - Health data integration and infrastructure,21223.0,Database analysts and data administrators,2026-03-25,2026-03,1,New Brunswick,Lamèque,Campbellton–Miramichi Region,Full time,Term or contract,Not specified,Not specified,"$66,924.00 to $93,470.00 annually",Year,66924.0,93470.0,66924.0,93470.0,80197.0,True,21223,4.0,3.5,4.5,4.0,4.0,4.0,4.0,3.5,3.0,3.0
15345496,data analyst - informatics and systems,Analytics Engineer,21223.0,Database analysts and data administrators,2026-03-22,2026-03,1,Ontario,Toronto,Toronto Region,Full time,Permanent employment,Not specified,Not specified,$25.00 to $61.03 hourly,Hour,25.0,61.03,52000.0,126942.4,89471.2,True,21223,4.0,3.5,4.5,4.0,4.0,4.0,4.0,3.5,3.0,3.0
15342389,data analytics specialist,Not specified,21211.0,Data scientists,2026-03-20,2026-03,1,Ontario,Cambridge,Kitchener–Waterloo–Barrie Region,Full time,Term or contract,Bachelor's degree,2 years to less than 3 years,$25.00 to $35.00 hourly (to be negotiated),Hour,25.0,35.0,52000.0,72800.0,62400.0,True,21211,5.0,5.0,5.0,5.0,5.0,4.0,4.0,4.0,4.0,3.0
15334106,big data analyst,Data Analyst,21211.0,Data scientists,2026-03-17,2026-03,1,Alberta,Calgary,Calgary Region,Full time,Not specified,Not specified,Not specified,$17.94 to $59.39 hourly,Hour,17.94,59.39,37315.200000000004,123531.2,80423.2,True,21211,5.0,5.0,5.0,5.0,5.0,4.0,4.0,4.0,4.0,3.0
15509446,Strategic Business Planning and Reporting Analyst,Not specified,,Not specified,2026-04-30,2026-04,1,Yukon,Whitehorse,Yukon Territory,Full time,Permanent employment,Not specified,Not specified,"$73,798.00 annually",Year,73798.0,73798.0,73798.0,73798.0,73798.0,True,,,,,,,,,,,
15478123,data scientist,Machine Learning &amp; Data Engineer,21211.0,Data scientists,2026-04-20,2026-04,1,Québec,Montréal,Montréal Region,Full time,Permanent employment,Not specified,Not specified,$30.00 to $69.74 hourly,Hour,30.0,69.74,62400.0,145059.19999999998,103729.59999999999,True,21211,5.0,5.0,5.0,5.0,5.0,4.0,4.0,4.0,4.0,3.0
15490296,big data analyst,Data Migration Analyst,21211.0,Data scientists,2026-04-23,2026-04,1,Ontario,Sault Ste. Marie,Northeast Region,Full time,Not specified,Not specified,Not specified,$20.34 to $26.00 hourly,Hour,20.34,26.0,42307.200000000004,54080.0,48193.600000000006,True,21211,5.0,5.0,5.0,5.0,5.0,4.0,4.0,4.0,4.0,3.0
15441595,data analyst - informatics and systems,Quality Data Analyst   Quality Engineer - Dimensional,21223.0,Database analysts and data administrators,2026-04-10,2026-04,1,Ontario,Markham,Toronto Region,Full time,Permanent employment,Not specified,Not specified,$36.02 hourly,Hour,36.02,36.02,74921.6,74921.6,74921.6,True,21223,4.0,3.5,4.5,4.0,4.0,4.0,4.0,3.5,3.0,3.0
15472807,data scientist,Not specified,21211.0,Data scientists,2026-04-16,2026-04,1,Ontario,Toronto,Toronto Region,Full time,Permanent employment,Not specified,Not specified,"$90,000.00 to $120,000.00 annually",Year,90000.0,120000.0,90000.0,120000.0,105000.0,True,21211,5.0,5.0,5.0,5.0,5.0,4.0,4.0,4.0,4.0,3.0
15496473,data scientist,"Senior Data Scientist - Generative AI, ML &amp; Agentic Systems",21211.0,Data scientists,2026-04-26,2026-04,1,Ontario,Toronto,Toronto Region,Full time,Permanent employment,Not specified,Not specified,$30.00 to $69.74 hourly,Hour,30.0,69.74,62400.0,145059.19999999998,103729.59999999999,True,21211,5.0,5.0,5.0,5.0,5.0,4.0,4.0,4.0,4.0,3.0
15496924,data scientist,"Fall - GRM, Data Scientist Intern (4 Months)",21211.0,Data scientists,2026-04-26,2026-04,1,Ontario,Toronto,Toronto Region,Full time,Permanent employment,Not specified,Not specified,$30.00 to $69.74 hourly,Hour,30.0,69.74,62400.0,145059.19999999998,103729.59999999999,True,21211,5.0,5.0,5.0,5.0,5.0,4.0,4.0,4.0,4.0,3.0
15488194,data scientist,Not specified,21211.0,Data scientists,2026-04-22,2026-04,1,British Columbia,Burnaby,Lower Mainland–Southwest Region,Full time,Permanent employment,Bachelor's degree,1 year to less than 2 years,$48.10 hourly,Hour,48.1,48.1,100048.0,100048.0,100048.0,True,21211,5.0,5.0,5.0,5.0,5.0,4.0,4.0,4.0,4.0,3.0
15491326,business data analyst,Not specified,21221.0,Business systems specialists,2026-04-23,2026-04,2,British Columbia,Burnaby,Lower Mainland–Southwest Region,Full time,Permanent employment,Bachelor's degree,2 years to less than 3 years,$43.00 hourly,Hour,43.0,43.0,89440.0,89440.0,89440.0,True,21221,5.0,4.0,5.0,5.0,5.0,4.0,4.0,4.0,4.0,4.0
15468224,data scientist,Data Scientist I,21211.0,Data scientists,2026-04-16,2026-04,1,Ontario,Toronto,Toronto Region,Full time,Permanent employment,Not specified,Not specified,$30.00 to $69.74 hourly,Hour,30.0,69.74,62400.0,145059.19999999998,103729.59999999999,True,21211,5.0,5.0,5.0,5.0,5.0,4.0,4.0,4.0,4.0,3.0
15476229,data scientist,Staff Machine Learning Operations Engineer (Global Security),21211.0,Data scientists,2026-04-18,2026-04,1,Ontario,Toronto,Toronto Region,Full time,Permanent employment,Not specified,Not specified,$30.00 to $69.74 hourly,Hour,30.0,69.74,62400.0,145059.19999999998,103729.59999999999,True,21211,5.0,5.0,5.0,5.0,5.0,4.0,4.0,4.0,4.0,3.0
15482835,big data analyst,Data Analyst,21211.0,Data scientists,2026-04-21,2026-04,1,Ontario,Toronto,Toronto Region,Full time,Not specified,Not specified,Not specified,"$55,000.00 annually",Year,55000.0,55000.0,55000.0,55000.0,55000.0,True,21211,5.0,5.0,5.0,5.0,5.0,4.0,4.0,4.0,4.0,3.0
15441470,data analyst - informatics and systems,Intermediate Data Engineer,21223.0,Database analysts and data administrators,2026-04-13,2026-04,1,British Columbia,Vancouver,Lower Mainland–Southwest Region,Not specified,Not specified,Not specified,Not specified,$54.87 hourly,Hour,54.87,54.87,114129.59999999999,114129.59999999999,114129.59999999999,True,21223,4.0,3.5,4.5,4.0,4.0,4.0,4.0,3.5,3.0,3.0
15376895,data scientist,Not specified,21211.0,Data scientists,2026-04-03,2026-04,1,New Brunswick,Shediac,Moncton–Richibucto Region,Full time,Permanent employment,Bachelor's degree,3 years to less than 5 years,$42.00 to $45.00 hourly (to be negotiated),Hour,42.0,45.0,87360.0,93600.0,90480.0,True,21211,5.0,5.0,5.0,5.0,5.0,4.0,4.0,4.0,4.0,3.0
15381237,business data analyst,Senior Analyst (Program Admin Officer 4),21221.0,Business systems specialists,2026-04-07,2026-04,1,Nova Scotia,Halifax,Halifax Region,Full time,Permanent employment,Not specified,Not specified,"$3,410.48 to $4,005.58 biweekly",Bi-weekly,3410.48,4005.58,88672.48,104145.08,96408.78,True,21221,5.0,4.0,5.0,5.0,5.0,4.0,4.0,4.0,4.0,4.0
15495035,data analyst - informatics and systems,Not specified,21223.0,Database analysts and data administrators,2026-04-24,2026-04,1,Ontario,Oshawa,Toronto Region,Full time,Term or contract,Bachelor's degree,2 years to less than 3 years,$20.00 hourly,Hour,20.0,20.0,41600.0,41600.0,41600.0,True,21223,4.0,3.5,4.5,4.0,4.0,4.0,4.0,3.5,3.0,3.0
15378397,data analyst - informatics and systems,"Analyst, Portfolio Research - Data Engineer &amp;ndash; TD Asset Management",21223.0,Database analysts and data administrators,2026-04-06,2026-04,1,Ontario,Toronto,Toronto Region,Full time,Permanent employment,Not specified,Not specified,$25.00 to $61.03 hourly,Hour,25.0,61.03,52000.0,126942.4,89471.2,True,21223,4.0,3.5,4.5,4.0,4.0,4.0,4.0,3.5,3.0,3.0
15385505,data scientist,ML Data Engineer,21211.0,Data scientists,2026-04-08,2026-04,1,Ontario,Toronto,Toronto Region,Full time,Permanent employment,Not specified,Not specified,$30.00 to $69.74 hourly,Hour,30.0,69.74,62400.0,145059.19999999998,103729.59999999999,True,21211,5.0,5.0,5.0,5.0,5.0,4.0,4.0,4.0,4.0,3.0
15465872,data scientist,Senior Data Scientist,21211.0,Data scientists,2026-04-15,2026-04,1,Ontario,Toronto,Toronto Region,Full time,Permanent employment,Not specified,Not specified,$30.00 to $69.74 hourly,Hour,30.0,69.74,62400.0,145059.19999999998,103729.59999999999,True,21211,5.0,5.0,5.0,5.0,5.0,4.0,4.0,4.0,4.0,3.0
15498901,data scientist,Senior Data Engineer,21211.0,Data scientists,2026-04-27,2026-04,1,Ontario,Toronto,Toronto Region,Full time,Permanent employment,Not specified,Not specified,$30.00 to $69.74 hourly,Hour,30.0,69.74,62400.0,145059.19999999998,103729.59999999999,True,21211,5.0,5.0,5.0,5.0,5.0,4.0,4.0,4.0,4.0,3.0
15476664,data scientist,Quantitative Developer,21211.0,Data scientists,2026-04-19,2026-04,1,Québec,Montréal,Montréal Region,Full time,Permanent employment,Not specified,Not specified,$30.00 to $69.74 hourly,Hour,30.0,69.74,62400.0,145059.19999999998,103729.59999999999,True,21211,5.0,5.0,5.0,5.0,5.0,4.0,4.0,4.0,4.0,3.0
15498873,data scientist,"Associate Director, Quantitative Developer",21211.0,Data scientists,2026-04-27,2026-04,1,Québec,Montréal,Montréal Region,Full time,Permanent employment,Not specified,Not specified,$30.00 to $69.74 hourly,Hour,30.0,69.74,62400.0,145059.19999999998,103729.59999999999,True,21211,5.0,5.0,5.0,5.0,5.0,4.0,4.0,4.0,4.0,3.0
15384018,data scientist,Not specified,21211.0,Data scientists,2026-04-07,2026-04,1,New Brunswick,New Jersey,Campbellton–Miramichi Region,Full time,Permanent employment,Not specified,Not specified,$48.01 hourly,Hour,48.01,48.01,99860.79999999999,99860.79999999999,99860.79999999999,True,21211,5.0,5.0,5.0,5.0,5.0,4.0,4.0,4.0,4.0,3.0
15471489,big data analyst,"Analyste de données (Power BI, Microsoft Fabric & BI Analytics)",21211.0,Data scientists,2026-04-16,2026-04,1,Québec,Brossard,Montérégie Region,Full time,Permanent employment,Not specified,Not specified,"$80,000.00 to $100,000.00 annually",Year,80000.0,100000.0,80000.0,100000.0,90000.0,True,21211,5.0,5.0,5.0,5.0,5.0,4.0,4.0,4.0,4.0,3.0
15507639,data analyst - informatics and systems,Not specified,21223.0,Database analysts and data administrators,2026-04-29,2026-04,1,Alberta,Calgary,Calgary Region,Full time,Permanent employment,Bachelor's degree,2 years to less than 3 years,$44.50 hourly,Hour,44.5,44.5,92560.0,92560.0,92560.0,True,21223,4.0,3.5,4.5,4.0,4.0,4.0,4.0,3.5,3.0,3.0
15483189,data analyst - informatics and systems,Operations Data Analyst,21223.0,Database analysts and data administrators,2026-04-21,2026-04,1,British Columbia,Burnaby,Lower Mainland–Southwest Region,Full time,Permanent employment,Not specified,Not specified,"$3,577.88 biweekly",Bi-weekly,3577.88,3577.88,93024.88,93024.88,93024.88,True,21223,4.0,3.5,4.5,4.0,4.0,4.0,4.0,3.5,3.0,3.0
15500205,business data analyst,Not specified,21221.0,Business systems specialists,2026-04-27,2026-04,1,Ontario,St. Thomas,London Region,Full time,Permanent employment,Bachelor's degree,3 years to less than 5 years,$41.50 hourly,Hour,41.5,41.5,86320.0,86320.0,86320.0,True,21221,5.0,4.0,5.0,5.0,5.0,4.0,4.0,4.0,4.0,4.0
15375261,data scientist,Lead Data Engineer - GCP,21211.0,Data scientists,2026-04-03,2026-04,1,Ontario,Toronto,Toronto Region,Full time,Permanent employment,Not specified,Not specified,$30.00 to $69.74 hourly,Hour,30.0,69.74,62400.0,145059.19999999998,103729.59999999999,True,21211,5.0,5.0,5.0,5.0,5.0,4.0,4.0,4.0,4.0,3.0
15376179,data analyst - informatics and systems,"Senior Lead, Metrics Design &amp; Reporting Specialist, Splunk",21223.0,Database analysts and data administrators,2026-04-03,2026-04,1,Ontario,Toronto,Toronto Region,Full time,Permanent employment,Not specified,Not specified,$25.00 to $61.03 hourly,Hour,25.0,61.03,52000.0,126942.4,89471.2,True,21223,4.0,3.5,4.5,4.0,4.0,4.0,4.0,3.5,3.0,3.0
15510146,data scientist,"Lead Data Scientist, Next Best Action",21211.0,Data scientists,2026-04-30,2026-04,1,Ontario,Toronto,Toronto Region,Full time,Permanent employment,Not specified,Not specified,$30.00 to $69.74 hourly,Hour,30.0,69.74,62400.0,145059.19999999998,103729.59999999999,True,21211,5.0,5.0,5.0,5.0,5.0,4.0,4.0,4.0,4.0,3.0
15429851,data scientist,Lead Data Engineer,21211.0,Data scientists,2026-04-12,2026-04,1,Ontario,Toronto,Toronto Region,Full time,Permanent employment,Not specified,Not specified,$30.00 to $69.74 hourly,Hour,30.0,69.74,62400.0,145059.19999999998,103729.59999999999,True,21211,5.0,5.0,5.0,5.0,5.0,4.0,4.0,4.0,4.0,3.0
15477033,data scientist,Senior Data Scientist,21211.0,Data scientists,2026-04-20,2026-04,1,Ontario,Toronto,Toronto Region,Full time,Permanent employment,Not specified,Not specified,$30.00 to $69.74 hourly,Hour,30.0,69.74,62400.0,145059.19999999998,103729.59999999999,True,21211,5.0,5.0,5.0,5.0,5.0,4.0,4.0,4.0,4.0,3.0
15476517,data scientist,"Manager, Client Engagement &amp; Analytics",21211.0,Data scientists,2026-04-19,2026-04,1,Ontario,Toronto,Toronto Region,Full time,Permanent employment,Not specified,Not specified,$30.00 to $69.74 hourly,Hour,30.0,69.74,62400.0,145059.19999999998,103729.59999999999,True,21211,5.0,5.0,5.0,5.0,5.0,4.0,4.0,4.0,4.0,3.0
15496081,data scientist,"Senior Data Engineer, GFT",21211.0,Data scientists,2026-04-25,2026-04,1,Ontario,Toronto,Toronto Region,Full time,Permanent employment,Not specified,Not specified,$30.00 to $69.74 hourly,Hour,30.0,69.74,62400.0,145059.19999999998,103729.59999999999,True,21211,5.0,5.0,5.0,5.0,5.0,4.0,4.0,4.0,4.0,3.0
15375245,data analyst - informatics and systems,Technology Compliance and Data Analyst,21223.0,Database analysts and data administrators,2026-04-02,2026-04,1,Ontario,Toronto,Toronto Region,Full time,Permanent employment,Not specified,Not specified,$25.00 to $61.03 hourly,Hour,25.0,61.03,52000.0,126942.4,89471.2,True,21223,4.0,3.5,4.5,4.0,4.0,4.0,4.0,3.5,3.0,3.0
15387434,data analyst - informatics and systems,"Data Quality Engineer-Cards Engineering, Transactional Services and Data Services Engineering",21223.0,Database analysts and data administrators,2026-04-09,2026-04,1,Ontario,Toronto,Toronto Region,Full time,Permanent employment,Not specified,Not specified,$25.00 to $61.03 hourly,Hour,25.0,61.03,52000.0,126942.4,89471.2,True,21223,4.0,3.5,4.5,4.0,4.0,4.0,4.0,3.5,3.0,3.0
15496904,data analyst - informatics and systems,Data &amp; Insights Specialist,21223.0,Database analysts and data administrators,2026-04-26,2026-04,1,Ontario,Toronto,Toronto Region,Full time,Permanent employment,Not specified,Not specified,$25.00 to $61.03 hourly,Hour,25.0,61.03,52000.0,126942.4,89471.2,True,21223,4.0,3.5,4.5,4.0,4.0,4.0,4.0,3.5,3.0,3.0
15502730,data scientist,Senior Data Engineer,21211.0,Data scientists,2026-04-28,2026-04,1,Ontario,Toronto,Toronto Region,Full time,Permanent employment,Not specified,Not specified,$30.00 to $69.74 hourly,Hour,30.0,69.74,62400.0,145059.19999999998,103729.59999999999,True,21211,5.0,5.0,5.0,5.0,5.0,4.0,4.0,4.0,4.0,3.0
15375560,data scientist,Dynamic Analytics Manager Leading Strategic Data Solutions,21211.0,Data scientists,2026-04-03,2026-04,1,Québec,Montréal,Montréal Region,Full time,Permanent employment,Not specified,Not specified,$26.00 to $78.00 hourly,Hour,26.0,78.0,54080.0,162240.0,108160.0,True,21211,5.0,5.0,5.0,5.0,5.0,4.0,4.0,4.0,4.0,3.0
15496880,data scientist,Senior Data Engineer,21211.0,Data scientists,2026-04-26,2026-04,1,British Columbia,Vancouver,Lower Mainland–Southwest Region,Full time,Permanent employment,Not specified,Not specified,$30.00 to $69.74 hourly,Hour,30.0,69.74,62400.0,145059.19999999998,103729.59999999999,True,21211,5.0,5.0,5.0,5.0,5.0,4.0,4.0,4.0,4.0,3.0
15477281,Data Analytics Specialist,Not specified,21211.0,Data scientists,2026-04-20,2026-04,1,Ontario,Ottawa,Ottawa Region,Not specified,Not specified,Not specified,Not specified,"$94,193.00 annually",Year,94193.0,94193.0,94193.0,94193.0,94193.0,True,21211,5.0,5.0,5.0,5.0,5.0,4.0,4.0,4.0,4.0,3.0
15441541,data analyst - informatics and systems,Quality Data Analyst   Quality Engineer - Dimensional,21223.0,Database analysts and data administrators,2026-04-10,2026-04,1,Ontario,Oshawa,Toronto Region,Full time,Permanent employment,Not specified,Not specified,$36.02 hourly,Hour,36.02,36.02,74921.6,74921.6,74921.6,True,21223,4.0,3.5,4.5,4.0,4.0,4.0,4.0,3.5,3.0,3.0
15376182,data scientist,Senior Data Engineer,21211.0,Data scientists,2026-04-03,2026-04,1,Ontario,Toronto,Toronto Region,Full time,Permanent employment,Not specified,Not specified,$30.00 to $69.74 hourly,Hour,30.0,69.74,62400.0,145059.19999999998,103729.59999999999,True,21211,5.0,5.0,5.0,5.0,5.0,4.0,4.0,4.0,4.0,3.0
15496169,data scientist,Lead Data Engineer,21211.0,Data scientists,2026-04-25,2026-04,1,Ontario,Toronto,Toronto Region,Full time,Permanent employment,Not specified,Not specified,$30.00 to $69.74 hourly,Hour,30.0,69.74,62400.0,145059.19999999998,103729.59999999999,True,21211,5.0,5.0,5.0,5.0,5.0,4.0,4.0,4.0,4.0,3.0
15502634,data scientist,"Associate Director, Advanced Client Data Analytics",21211.0,Data scientists,2026-04-28,2026-04,1,Ontario,Toronto,Toronto Region,Full time,Permanent employment,Not specified,Not specified,$30.00 to $69.74 hourly,Hour,30.0,69.74,62400.0,145059.19999999998,103729.59999999999,True,21211,5.0,5.0,5.0,5.0,5.0,4.0,4.0,4.0,4.0,3.0
15463287,data analyst - informatics and systems,"Manager, Analytics",21223.0,Database analysts and data administrators,2026-04-15,2026-04,1,Ontario,Toronto,Toronto Region,Full time,Permanent employment,Not specified,Not specified,$25.00 to $61.03 hourly,Hour,25.0,61.03,52000.0,126942.4,89471.2,True,21223,4.0,3.5,4.5,4.0,4.0,4.0,4.0,3.5,3.0,3.0
15377784,data analyst - informatics and systems,"Analyst, Portfolio Research - Data Engineer &amp;ndash; TD Asset Management",21223.0,Database analysts and data administrators,2026-04-04,2026-04,1,Québec,Montréal,Montréal Region,Full time,Permanent employment,Not specified,Not specified,$25.00 to $61.03 hourly,Hour,25.0,61.03,52000.0,126942.4,89471.2,True,21223,4.0,3.5,4.5,4.0,4.0,4.0,4.0,3.5,3.0,3.0
15545324,data scientist,Data Scientist ? Banking & Capital Calculations,21211.0,Data scientists,2026-05-11,2026-05,1,Ontario,Not specified,Not specified,Full time,Not specified,Not specified,Not specified,"$120,000.00 annually",Year,120000.0,120000.0,120000.0,120000.0,120000.0,True,21211,5.0,5.0,5.0,5.0,5.0,4.0,4.0,4.0,4.0,3.0
15536654,data analyst - informatics and systems,Intermediate Performance Engineer,21223.0,Database analysts and data administrators,2026-05-11,2026-05,1,British Columbia,Alert Bay,Vancouver Island and Coast Region,Full time,Permanent employment,Not specified,Not specified,$24.00 to $58.00 hourly,Hour,24.0,58.0,49920.0,120640.0,85280.0,True,21223,4.0,3.5,4.5,4.0,4.0,4.0,4.0,3.5,3.0,3.0
15550721,big data analyst,Data Analyst,21211.0,Data scientists,2026-05-14,2026-05,1,Ontario,Mississauga,Toronto Region,Part time,Not specified,Not specified,Not specified,"$44,748.24 to $109,545.58 annually",Year,44748.24,109545.58,44748.24,109545.58,77146.91,True,21211,5.0,5.0,5.0,5.0,5.0,4.0,4.0,4.0,4.0,3.0
15524829,data scientist,Not specified,21211.0,Data scientists,2026-05-05,2026-05,1,Saskatchewan,Regina,Regina–Moose Mountain Region,Full time,Not specified,Not specified,Not specified,"$92,716 - $132,958",Year,92716.0,132958.0,92716.0,132958.0,112837.0,True,21211,5.0,5.0,5.0,5.0,5.0,4.0,4.0,4.0,4.0,3.0
15536742,data analyst - informatics and systems,Intermediate Performance Engineer,21223.0,Database analysts and data administrators,2026-05-11,2026-05,1,British Columbia,Coquitlam,Lower Mainland–Southwest Region,Full time,Permanent employment,Not specified,Not specified,$24.00 to $58.00 hourly,Hour,24.0,58.0,49920.0,120640.0,85280.0,True,21223,4.0,3.5,4.5,4.0,4.0,4.0,4.0,3.5,3.0,3.0
15536747,data analyst - informatics and systems,Intermediate Performance Engineer,21223.0,Database analysts and data administrators,2026-05-11,2026-05,1,British Columbia,Surrey,Lower Mainland–Southwest Region,Full time,Permanent employment,Not specified,Not specified,$24.00 to $58.00 hourly,Hour,24.0,58.0,49920.0,120640.0,85280.0,True,21223,4.0,3.5,4.5,4.0,4.0,4.0,4.0,3.5,3.0,3.0
15514769,data quality analyst,Not specified,21223.0,Database analysts and data administrators,2026-05-01,2026-05,1,Ontario,Mississauga,Toronto Region,Full time,Permanent employment,Secondary (high) school graduation certificate,1 year to less than 2 years,$44.50 hourly,Hour,44.5,44.5,92560.0,92560.0,92560.0,True,21223,4.0,3.5,4.5,4.0,4.0,4.0,4.0,3.5,3.0,3.0
15513178,data scientist,"Lead Data Scientist, GFT",21211.0,Data scientists,2026-05-01,2026-05,1,Ontario,Toronto,Toronto Region,Full time,Permanent employment,Not specified,Not specified,$30.00 to $69.74 hourly,Hour,30.0,69.74,62400.0,145059.19999999998,103729.59999999999,True,21211,5.0,5.0,5.0,5.0,5.0,4.0,4.0,4.0,4.0,3.0
15517269,data analyst - informatics and systems,"Fall  Student - Data Analyst, Commercial Banking (4 months)",21223.0,Database analysts and data administrators,2026-05-03,2026-05,1,Ontario,Toronto,Toronto Region,Full time,Permanent employment,Not specified,Not specified,$25.00 to $61.03 hourly,Hour,25.0,61.03,52000.0,126942.4,89471.2,True,21223,4.0,3.5,4.5,4.0,4.0,4.0,4.0,3.5,3.0,3.0
15517261,data scientist,"CFO, Fall Data Scientist (8 months)",21211.0,Data scientists,2026-05-03,2026-05,1,Ontario,Toronto,Toronto Region,Full time,Permanent employment,Not specified,Not specified,$30.00 to $69.74 hourly,Hour,30.0,69.74,62400.0,145059.19999999998,103729.59999999999,True,21211,5.0,5.0,5.0,5.0,5.0,4.0,4.0,4.0,4.0,3.0
15523269,data analyst - informatics and systems,"Fall Student Opportunities Technology &amp; Operations - Data Specialists, 8-12 months",21223.0,Database analysts and data administrators,2026-05-05,2026-05,1,Ontario,Toronto,Toronto Region,Full time,Permanent employment,Not specified,Not specified,$25.00 to $61.03 hourly,Hour,25.0,61.03,52000.0,126942.4,89471.2,True,21223,4.0,3.5,4.5,4.0,4.0,4.0,4.0,3.5,3.0,3.0
15529582,data scientist,Associate Data Scientist,21211.0,Data scientists,2026-05-06,2026-05,1,British Columbia,Surrey,Lower Mainland–Southwest Region,Full time,Not specified,Not specified,Not specified,"$60,000.00 to $75,000.00 annually",Year,60000.0,75000.0,60000.0,75000.0,67500.0,True,21211,5.0,5.0,5.0,5.0,5.0,4.0,4.0,4.0,4.0,3.0
15557280,data quality analyst,Not specified,21223.0,Database analysts and data administrators,2026-05-17,2026-05,2,Alberta,Fort McMurray,Wood Buffalo–Cold Lake Region,Full time,Term or contract,Bachelor's degree,1 year to less than 2 years,$40.00 to $42.00 hourly (to be negotiated),Hour,40.0,42.0,83200.0,87360.0,85280.0,True,21223,4.0,3.5,4.5,4.0,4.0,4.0,4.0,3.5,3.0,3.0
15529595,data scientist,Associate Data Scientist,21211.0,Data scientists,2026-05-06,2026-05,1,British Columbia,Burnaby,Lower Mainland–Southwest Region,Full time,Not specified,Not specified,Not specified,"$60,000.00 to $75,000.00 annually",Year,60000.0,75000.0,60000.0,75000.0,67500.0,True,21211,5.0,5.0,5.0,5.0,5.0,4.0,4.0,4.0,4.0,3.0
15535153,data scientist,Not specified,21211.0,Data scientists,2026-05-08,2026-05,1,Ontario,Toronto,Toronto Region,Full time,Not specified,Not specified,Not specified,"$90,000.00 to $130,000.00 annually",Year,90000.0,130000.0,90000.0,130000.0,110000.0,True,21211,5.0,5.0,5.0,5.0,5.0,4.0,4.0,4.0,4.0,3.0
15569317,big data analyst,Data Analyst,21211.0,Data scientists,2026-05-22,2026-05,1,Ontario,Toronto,Toronto Region,Full time,Not specified,Not specified,Not specified,"$80,000.00 to $110,000.00 annually",Year,80000.0,110000.0,80000.0,110000.0,95000.0,True,21211,5.0,5.0,5.0,5.0,5.0,4.0,4.0,4.0,4.0,3.0
15511461,data scientist,Senior Data Scientist I,21211.0,Data scientists,2026-05-01,2026-05,1,Ontario,Toronto,Toronto Region,Full time,Permanent employment,Not specified,Not specified,$30.00 to $69.74 hourly,Hour,30.0,69.74,62400.0,145059.19999999998,103729.59999999999,True,21211,5.0,5.0,5.0,5.0,5.0,4.0,4.0,4.0,4.0,3.0
15536246,data scientist,Not specified,21211.0,Data scientists,2026-05-07,2026-05,1,Ontario,Toronto,Toronto Region,Part time,Not specified,Not specified,Not specified,$80.00 hourly,Hour,80.0,80.0,166400.0,166400.0,166400.0,True,21211,5.0,5.0,5.0,5.0,5.0,4.0,4.0,4.0,4.0,3.0
15529672,data scientist,Associate Data Scientist,21211.0,Data scientists,2026-05-06,2026-05,1,British Columbia,North Vancouver,Lower Mainland–Southwest Region,Full time,Not specified,Not specified,Not specified,"$60,000.00 to $75,000.00 annually",Year,60000.0,75000.0,60000.0,75000.0,67500.0,True,21211,5.0,5.0,5.0,5.0,5.0,4.0,4.0,4.0,4.0,3.0
15536141,lead data scientist,Not specified,21211.0,Data scientists,2026-05-09,2026-05,1,Ontario,Toronto,Toronto Region,Full time,Not specified,Not specified,Not specified,$80.00 hourly,Hour,80.0,80.0,166400.0,166400.0,166400.0,True,21211,5.0,5.0,5.0,5.0,5.0,4.0,4.0,4.0,4.0,3.0
15559130,data analyst - informatics and systems,Not specified,21223.0,Database analysts and data administrators,2026-05-19,2026-05,1,Ontario,Toronto,Toronto Region,Full time,Permanent employment,College/CEGEP,5 years or more,"$135,000.00 to $140,000.00 annually (to be negotiated)",Year,135000.0,140000.0,135000.0,140000.0,137500.0,True,21223,4.0,3.5,4.5,4.0,4.0,4.0,4.0,3.5,3.0,3.0
15594840,business data analyst,Business Systems Analyst (Data Warehouse & Data Modelling),21221.0,Business systems specialists,2026-05-29,2026-05,1,Ontario,Toronto,Toronto Region,Full time,Not specified,Not specified,Not specified,"$10,000.00 monthly",Month,10000.0,10000.0,,,,True,21221,5.0,4.0,5.0,5.0,5.0,4.0,4.0,4.0,4.0,4.0
15529608,data scientist,Associate Data Scientist,21211.0,Data scientists,2026-05-06,2026-05,1,British Columbia,Richmond,Lower Mainland–Southwest Region,Full time,Not specified,Not specified,Not specified,"$60,000.00 to $75,000.00 annually",Year,60000.0,75000.0,60000.0,75000.0,67500.0,True,21211,5.0,5.0,5.0,5.0,5.0,4.0,4.0,4.0,4.0,3.0
15554294,data analyst - informatics and systems,Not specified,21223.0,Database analysts and data administrators,2026-05-15,2026-05,1,British Columbia,Surrey,Lower Mainland–Southwest Region,Full time,Permanent employment,Bachelor's degree,1 year to less than 2 years,$45.00 hourly,Hour,45.0,45.0,93600.0,93600.0,93600.0,True,21223,4.0,3.5,4.5,4.0,4.0,4.0,4.0,3.5,3.0,3.0
15556747,data scientist,"Consultant, Data Scientist (AI & ML)",21211.0,Data scientists,2026-05-15,2026-05,1,Ontario,Toronto,Toronto Region,Full time,Not specified,Not specified,Not specified,"$96,000.00 annually",Year,96000.0,96000.0,96000.0,96000.0,96000.0,True,21211,5.0,5.0,5.0,5.0,5.0,4.0,4.0,4.0,4.0,3.0
15575738,data scientist,"Data Scientist - SQL, Python, Banking or Capital Markets",21211.0,Data scientists,2026-05-23,2026-05,1,Ontario,Toronto,Toronto Region,Full time,Not specified,Not specified,Not specified,"$10,000.00 monthly",Month,10000.0,10000.0,,,,True,21211,5.0,5.0,5.0,5.0,5.0,4.0,4.0,4.0,4.0,3.0
15553278,data analyst - informatics and systems,Not specified,21223.0,Database analysts and data administrators,2026-05-15,2026-05,1,Québec,Stoneham-et-Tewkesbury,Capitale-Nationale Region,Full time,Permanent employment,Bachelor's degree,No experience,$40.00 hourly,Hour,40.0,40.0,83200.0,83200.0,83200.0,True,21223,4.0,3.5,4.5,4.0,4.0,4.0,4.0,3.5,3.0,3.0
15529522,data scientist,Associate Data Scientist,21211.0,Data scientists,2026-05-06,2026-05,1,British Columbia,Vancouver,Lower Mainland–Southwest Region,Full time,Not specified,Not specified,Not specified,"$60,000.00 to $75,000.00 annually",Year,60000.0,75000.0,60000.0,75000.0,67500.0,True,21211,5.0,5.0,5.0,5.0,5.0,4.0,4.0,4.0,4.0,3.0
15566610,business data analyst,Not specified,21221.0,Business systems specialists,2026-05-20,2026-05,1,Alberta,Edmonton,Edmonton Region,Full time,Permanent employment,Bachelor's degree,2 years to less than 3 years,$48.10 hourly,Hour,48.1,48.1,100048.0,100048.0,100048.0,True,21221,5.0,4.0,5.0,5.0,5.0,4.0,4.0,4.0,4.0,4.0
15572670,business data analyst,Not specified,21221.0,Business systems specialists,2026-05-23,2026-05,1,Alberta,Edmonton,Edmonton Region,Full time,Permanent employment,Not specified,Not specified,$48.10 hourly,Hour,48.1,48.1,100048.0,100048.0,100048.0,True,21221,5.0,4.0,5.0,5.0,5.0,4.0,4.0,4.0,4.0,4.0
15575260,business data analyst,"Business Data Analyst ? Informatica PowerCenter, ETL",21221.0,Business systems specialists,2026-05-23,2026-05,1,Ontario,Markham,Toronto Region,Full time,Not specified,Not specified,Not specified,"$10,000.00 monthly",Month,10000.0,10000.0,,,,True,21221,5.0,4.0,5.0,5.0,5.0,4.0,4.0,4.0,4.0,4.0
15513489,data analyst - informatics and systems,"Fall  Student &amp;ndash; Data Analyst, Personal Banking (4 - 8 months)",21223.0,Database analysts and data administrators,2026-05-01,2026-05,1,Ontario,Toronto,Toronto Region,Full time,Permanent employment,Not specified,Not specified,$25.00 to $61.03 hourly,Hour,25.0,61.03,52000.0,126942.4,89471.2,True,21223,4.0,3.5,4.5,4.0,4.0,4.0,4.0,3.5,3.0,3.0
15536759,data analyst - informatics and systems,Intermediate Performance Engineer,21223.0,Database analysts and data administrators,2026-05-09,2026-05,1,British Columbia,Vancouver,Lower Mainland–Southwest Region,Full time,Permanent employment,Not specified,Not specified,$24.00 to $58.00 hourly,Hour,24.0,58.0,49920.0,120640.0,85280.0,True,21223,4.0,3.5,4.5,4.0,4.0,4.0,4.0,3.5,3.0,3.0
15547857,big data analyst,Data Analyst,21211.0,Data scientists,2026-05-13,2026-05,1,British Columbia,Vancouver,Lower Mainland–Southwest Region,Full time,Not specified,Not specified,Not specified,"$70,000.00 to $80,000.00 annually",Year,70000.0,80000.0,70000.0,80000.0,75000.0,True,21211,5.0,5.0,5.0,5.0,5.0,4.0,4.0,4.0,4.0,3.0
15628476,business data analyst,Not specified,21221.0,Business systems specialists,2026-06-11,2026-06,1,Alberta,Edmonton,Edmonton Region,Full time,Permanent employment,"No degree, certificate or diploma",1 year to less than 2 years,$46.00 to $48.00 hourly (to be negotiated),Hour,46.0,48.0,95680.0,99840.0,97760.0,True,21221,5.0,4.0,5.0,5.0,5.0,4.0,4.0,4.0,4.0,4.0
15660712,Business Intelligence Developer,Not specified,,Not specified,2026-06-23,2026-06,1,Ontario,Ottawa,Ottawa Region,Full time,Permanent employment,Not specified,Not specified,"$88,955.00 annually",Year,88955.0,88955.0,88955.0,88955.0,88955.0,True,,,,,,,,,,,
15680793,data scientist,Senior Data Scientist,21211.0,Data scientists,2026-06-29,2026-06,1,Ontario,Toronto,Toronto Region,Full time,Not specified,Not specified,Not specified,"$100,000.00 annually",Year,100000.0,100000.0,100000.0,100000.0,100000.0,True,21211,5.0,5.0,5.0,5.0,5.0,4.0,4.0,4.0,4.0,3.0
15651533,data scientist,Senior Data Scientist,21211.0,Data scientists,2026-06-19,2026-06,1,Québec,Montréal,Montréal Region,Full time,Not specified,Not specified,Not specified,"$120,000.00 annually",Year,120000.0,120000.0,120000.0,120000.0,120000.0,True,21211,5.0,5.0,5.0,5.0,5.0,4.0,4.0,4.0,4.0,3.0
15672327,data scientist,Senior Data Scientist II,21211.0,Data scientists,2026-06-27,2026-06,1,Québec,Montréal,Montréal Region,Full time,Permanent employment,Not specified,Not specified,$30.00 to $69.74 hourly,Hour,30.0,69.74,62400.0,145059.19999999998,103729.59999999999,True,21211,5.0,5.0,5.0,5.0,5.0,4.0,4.0,4.0,4.0,3.0
15659413,data analyst - informatics and systems,Student Data Analyst,21223.0,Database analysts and data administrators,2026-06-23,2026-06,1,New Brunswick,Fredericton,Fredericton–Oromocto,Full time,Permanent employment,Not specified,Not specified,$25.00 to $61.03 hourly,Hour,25.0,61.03,52000.0,126942.4,89471.2,True,21223,4.0,3.5,4.5,4.0,4.0,4.0,4.0,3.5,3.0,3.0
15666089,"Information Technology (IT) Data Analyst, IT Software Solutions",Not specified,,Not specified,2026-06-25,2026-06,1,Ontario,Sudbury,Northeast Region,Full time,Term or contract,Not specified,Not specified,"$85,854.00 annually",Year,85854.0,85854.0,85854.0,85854.0,85854.0,True,,,,,,,,,,,
15628713,data scientist,Not specified,21211.0,Data scientists,2026-06-11,2026-06,1,Ontario,Mississauga,Toronto Region,Full time,Term or contract,Bachelor's degree,3 years to less than 5 years,$45.00 to $55.00 hourly (to be negotiated),Hour,45.0,55.0,93600.0,114400.0,104000.0,True,21211,5.0,5.0,5.0,5.0,5.0,4.0,4.0,4.0,4.0,3.0
15597075,business intelligence specialist,Not specified,21221.0,Business systems specialists,2026-06-01,2026-06,1,Ontario,Toronto,Toronto Region,Full time,Permanent employment,"College, CEGEP or other non-university certificate or diploma from a program of 1 year to 2 years",5 years or more,$46.00 hourly,Hour,46.0,46.0,95680.0,95680.0,95680.0,True,21221,5.0,4.0,5.0,5.0,5.0,4.0,4.0,4.0,4.0,4.0
15678650,business data analyst,Not specified,21221.0,Business systems specialists,2026-06-30,2026-06,1,Saskatchewan,Regina,Regina–Moose Mountain Region,Full time,Not specified,Not specified,Not specified,"$68,000-$73,000",Year,68000.0,73000.0,68000.0,73000.0,70500.0,True,21221,5.0,4.0,5.0,5.0,5.0,4.0,4.0,4.0,4.0,4.0
15622533,big data analyst,Analyste de données,21211.0,Data scientists,2026-06-09,2026-06,1,Québec,Not specified,Not specified,Full time,Permanent employment,Not specified,Not specified,"$70,000.00 to $80,000.00 annually",Year,70000.0,80000.0,70000.0,80000.0,75000.0,True,21211,5.0,5.0,5.0,5.0,5.0,4.0,4.0,4.0,4.0,3.0
15641154,data analyst - informatics and systems,Senior Data Analyst,21223.0,Database analysts and data administrators,2026-06-16,2026-06,1,British Columbia,Surrey,Lower Mainland–Southwest Region,Full time,Permanent employment,Not specified,Not specified,"$94,575.00 annually",Year,94575.0,94575.0,94575.0,94575.0,94575.0,True,21223,4.0,3.5,4.5,4.0,4.0,4.0,4.0,3.5,3.0,3.0
15637512,Senior Data Scientist - Financial Markets,Not specified,,Not specified,2026-06-15,2026-06,1,Ontario,Ottawa,Ottawa Region,Not specified,Not specified,Not specified,Not specified,"$111,055.00 annually",Year,111055.0,111055.0,111055.0,111055.0,111055.0,True,,,,,,,,,,,
15612797,data analytics specialist,Spécialiste des données,21211.0,Data scientists,2026-06-05,2026-06,1,Québec,Laval,Laval Region,Full time,Permanent employment,Not specified,Not specified,"$60,000.00 annually",Year,60000.0,60000.0,60000.0,60000.0,60000.0,True,21211,5.0,5.0,5.0,5.0,5.0,4.0,4.0,4.0,4.0,3.0
15597741,data analytics specialist,Not specified,21211.0,Data scientists,2026-06-01,2026-06,1,Saskatchewan,Weyburn,Regina–Moose Mountain Region,Full time,Not specified,Not specified,Not specified,"Range is $60,279 to $82,883 based on qualifications and experience",Year,60279.0,82883.0,60279.0,82883.0,71581.0,True,21211,5.0,5.0,5.0,5.0,5.0,4.0,4.0,4.0,4.0,3.0
15644380,data analyst - informatics and systems,Technicien en informatique,21223.0,Database analysts and data administrators,2026-06-17,2026-06,1,Québec,New Carlisle,Gaspésie–Îles-de-la-Madeleine Region,Full time,Permanent employment,Not specified,Not specified,$27.75 hourly,Hour,27.75,27.75,57720.0,57720.0,57720.0,True,21223,4.0,3.5,4.5,4.0,4.0,4.0,4.0,3.5,3.0,3.0
15657440,business data analyst,Not specified,21221.0,Business systems specialists,2026-06-22,2026-06,1,Ontario,North York,Toronto Region,Full time,Permanent employment,Bachelor's degree,1 year to less than 2 years,"$80,000.00 annually",Year,80000.0,80000.0,80000.0,80000.0,80000.0,True,21221,5.0,4.0,5.0,5.0,5.0,4.0,4.0,4.0,4.0,4.0
15645271,big data analyst,Data Analyst,21211.0,Data scientists,2026-06-17,2026-06,1,Ontario,London,London Region,Full time,Permanent employment,Not specified,Not specified,"$50,000.00 annually",Year,50000.0,50000.0,50000.0,50000.0,50000.0,True,21211,5.0,5.0,5.0,5.0,5.0,4.0,4.0,4.0,4.0,3.0
15663540,data analyst - informatics and systems,Junior Data Strategist,21223.0,Database analysts and data administrators,2026-06-24,2026-06,1,New Brunswick,Fredericton,Fredericton–Oromocto,Full time,Permanent employment,Not specified,Not specified,$25.00 to $61.03 hourly,Hour,25.0,61.03,52000.0,126942.4,89471.2,True,21223,4.0,3.5,4.5,4.0,4.0,4.0,4.0,3.5,3.0,3.0
15623721,"Data Analyst, Regulatory Reporting",Not specified,,Not specified,2026-06-10,2026-06,1,Ontario,Ottawa,Ottawa Region,Not specified,Not specified,Not specified,Not specified,"$73,511.00 annually",Year,73511.0,73511.0,73511.0,73511.0,73511.0,True,,,,,,,,,,,
15636747,data scientist,"Consultant, Data Scientist (Databricks)",21211.0,Data scientists,2026-06-11,2026-06,1,Ontario,Toronto,Toronto Region,Full time,Not specified,Not specified,Not specified,"$96,000.00 annually",Year,96000.0,96000.0,96000.0,96000.0,96000.0,True,21211,5.0,5.0,5.0,5.0,5.0,4.0,4.0,4.0,4.0,3.0
15627644,data scientist,Not specified,21211.0,Data scientists,2026-06-10,2026-06,1,Ontario,Toronto,Toronto Region,Full time,Not specified,Not specified,Not specified,"$120,000.00 annually",Year,120000.0,120000.0,120000.0,120000.0,120000.0,True,21211,5.0,5.0,5.0,5.0,5.0,4.0,4.0,4.0,4.0,3.0
15630831,big data analyst,Data analyst,21211.0,Data scientists,2026-06-12,2026-06,1,Ontario,Toronto,Toronto Region,Full time,Not specified,Not specified,Not specified,$40.00 to $50.00 hourly,Hour,40.0,50.0,83200.0,104000.0,93600.0,True,21211,5.0,5.0,5.0,5.0,5.0,4.0,4.0,4.0,4.0,3.0
15680715,data scientist,Senior Data Scientist,21211.0,Data scientists,2026-06-29,2026-06,1,Ontario,Toronto,Toronto Region,Full time,Not specified,Not specified,Not specified,"$100,000.00 to $115,000.00 hourly",Hour,100000.0,115000.0,208000000.0,239200000.0,223600000.0,False,21211,5.0,5.0,5.0,5.0,5.0,4.0,4.0,4.0,4.0,3.0
15614554,data scientist,"Senior Specialist, Data Analytics and Innovation",21211.0,Data scientists,2026-06-06,2026-06,1,Nova Scotia,Halifax,Halifax Region,Full time,Permanent employment,Not specified,Not specified,$30.00 to $69.74 hourly,Hour,30.0,69.74,62400.0,145059.19999999998,103729.59999999999,True,21211,5.0,5.0,5.0,5.0,5.0,4.0,4.0,4.0,4.0,3.0
15599739,"Business Intelligence Analyst, Operations",Not specified,,Not specified,2026-06-02,2026-06,1,Ontario,Ottawa,Ottawa Region,Not specified,Not specified,Not specified,Not specified,"$93,938.00 annually",Year,93938.0,93938.0,93938.0,93938.0,93938.0,True,,,,,,,,,,,
15601241,business data analyst,Not specified,21221.0,Business systems specialists,2026-06-02,2026-06,1,Ontario,North York,Toronto Region,Full time,Permanent employment,College/CEGEP,1 year to less than 2 years,"$82,810.00 annually",Year,82810.0,82810.0,82810.0,82810.0,82810.0,True,21221,5.0,4.0,5.0,5.0,5.0,4.0,4.0,4.0,4.0,4.0
15665177,big data analyst,Data Analyst,21211.0,Data scientists,2026-06-24,2026-06,1,Ontario,Lindsay,Muskoka–Kawarthas Region,Full time,Permanent employment,Not specified,Not specified,"$50,000.00 to $55,000.00 annually",Year,50000.0,55000.0,50000.0,55000.0,52500.0,True,21211,5.0,5.0,5.0,5.0,5.0,4.0,4.0,4.0,4.0,3.0
15635071,data scientist,"Machine Learning Scientist, Startups",21211.0,Data scientists,2026-06-13,2026-06,1,Alberta,Edmonton,Edmonton Region,Full time,Permanent employment,Not specified,Not specified,$30.00 to $69.74 hourly,Hour,30.0,69.74,62400.0,145059.19999999998,103729.59999999999,True,21211,5.0,5.0,5.0,5.0,5.0,4.0,4.0,4.0,4.0,3.0
15651337,data scientist,"Machine Learning Scientist, Industry",21211.0,Data scientists,2026-06-19,2026-06,1,Alberta,Edmonton,Edmonton Region,Full time,Permanent employment,Not specified,Not specified,$30.00 to $69.74 hourly,Hour,30.0,69.74,62400.0,145059.19999999998,103729.59999999999,True,21211,5.0,5.0,5.0,5.0,5.0,4.0,4.0,4.0,4.0,3.0
15604698,data analytics specialist,Not specified,21211.0,Data scientists,2026-06-03,2026-06,1,Ontario,Toronto,Toronto Region,Full time,Permanent employment,"College, CEGEP or other non-university certificate or diploma from a program of 1 year to 2 years",5 years or more,"$60,000.00 to $75,000.00 annually (to be negotiated)",Year,60000.0,75000.0,60000.0,75000.0,67500.0,True,21211,5.0,5.0,5.0,5.0,5.0,4.0,4.0,4.0,4.0,3.0
15651514,data scientist,Senior Data Scientist,21211.0,Data scientists,2026-06-19,2026-06,1,Ontario,Toronto,Toronto Region,Full time,Not specified,Not specified,Not specified,"$120,000.00 annually",Year,120000.0,120000.0,120000.0,120000.0,120000.0,True,21211,5.0,5.0,5.0,5.0,5.0,4.0,4.0,4.0,4.0,3.0
15672324,data scientist,Data Scientist II,21211.0,Data scientists,2026-06-27,2026-06,1,Québec,Montréal,Montréal Region,Full time,Permanent employment,Not specified,Not specified,$30.00 to $69.74 hourly,Hour,30.0,69.74,62400.0,145059.19999999998,103729.59999999999,True,21211,5.0,5.0,5.0,5.0,5.0,4.0,4.0,4.0,4.0,3.0
15605205,data analyst - informatics and systems,Not specified,21223.0,Database analysts and data administrators,2026-06-03,2026-06,1,Saskatchewan,Saskatoon,Saskatoon–Biggar Region,Full time,Permanent employment,Bachelor's degree,1 year to less than 2 years,$30.00 to $41.00 hourly (to be negotiated),Hour,30.0,41.0,62400.0,85280.0,73840.0,True,21223,4.0,3.5,4.5,4.0,4.0,4.0,4.0,3.5,3.0,3.0
15623522,data scientist,"Machine Learning Scientist, Training",21211.0,Data scientists,2026-06-10,2026-06,1,Alberta,Edmonton,Edmonton Region,Full time,Permanent employment,Not specified,Not specified,$30.00 to $69.74 hourly,Hour,30.0,69.74,62400.0,145059.19999999998,103729.59999999999,True,21211,5.0,5.0,5.0,5.0,5.0,4.0,4.0,4.0,4.0,3.0
15644785,data analyst - informatics and systems,Not specified,21223.0,Database analysts and data administrators,2026-06-17,2026-06,1,British Columbia,Not specified,Not specified,Full time,Permanent employment,Bachelor's degree,2 years to less than 3 years,"$62,500.00 annually",Year,62500.0,62500.0,62500.0,62500.0,62500.0,True,21223,4.0,3.5,4.5,4.0,4.0,4.0,4.0,3.5,3.0,3.0
15642551,data analytics specialist,Not specified,21211.0,Data scientists,2026-06-16,2026-06,1,Ontario,Not specified,Not specified,Full time,Term or contract,Bachelor's degree,2 years to less than 3 years,$35.00 hourly,Hour,35.0,35.0,72800.0,72800.0,72800.0,True,21211,5.0,5.0,5.0,5.0,5.0,4.0,4.0,4.0,4.0,3.0
15644005,business data analyst,Business Systems Analyst ? API & Data Integration,21221.0,Business systems specialists,2026-06-16,2026-06,1,Ontario,Toronto,Toronto Region,Full time,Not specified,Not specified,Not specified,"$10,000.00 monthly",Month,10000.0,10000.0,,,,True,21221,5.0,4.0,5.0,5.0,5.0,4.0,4.0,4.0,4.0,4.0
15619920,data scientist,Senior Data Engineering Developer II,21211.0,Data scientists,2026-06-09,2026-06,1,Québec,Montréal,Montréal Region,Full time,Permanent employment,Not specified,Not specified,$30.00 to $69.74 hourly,Hour,30.0,69.74,62400.0,145059.19999999998,103729.59999999999,True,21211,5.0,5.0,5.0,5.0,5.0,4.0,4.0,4.0,4.0,3.0
15651841,data analyst - informatics and systems,Not specified,21223.0,Database analysts and data administrators,2026-06-19,2026-06,1,Québec,Stoneham-et-Tewkesbury,Capitale-Nationale Region,Full time,Permanent employment,Bachelor's degree,No experience,$40.00 hourly,Hour,40.0,40.0,83200.0,83200.0,83200.0,True,21223,4.0,3.5,4.5,4.0,4.0,4.0,4.0,3.5,3.0,3.0
15735570,data analyst - informatics and systems,Data Engineer - Intermediate,21223.0,Database analysts and data administrators,2026-07-22,2026-07,1,Alberta,Edmonton,Edmonton Region,Not specified,Not specified,Not specified,Not specified,$56.39 hourly,Hour,56.39,56.39,117291.2,117291.2,117291.2,True,21223,4.0,3.5,4.5,4.0,4.0,4.0,4.0,3.5,3.0,3.0
15734814,big data analyst,Data Analyst,21211.0,Data scientists,2026-07-22,2026-07,1,Ontario,Orillia,Kitchener–Waterloo–Barrie Region,Full time,Permanent employment,Not specified,Not specified,"$65,000.00 to $75,000.00 annually",Year,65000.0,75000.0,65000.0,75000.0,70000.0,True,21211,5.0,5.0,5.0,5.0,5.0,4.0,4.0,4.0,4.0,3.0
15723064,big data analyst,Analyste de données,21211.0,Data scientists,2026-07-17,2026-07,1,Québec,Montréal,Montréal Region,Full time,Permanent employment,Not specified,Not specified,"$70,000.00 annually",Year,70000.0,70000.0,70000.0,70000.0,70000.0,True,21211,5.0,5.0,5.0,5.0,5.0,4.0,4.0,4.0,4.0,3.0
15755911,big data analyst,Data Analyst,21211.0,Data scientists,2026-07-31,2026-07,1,Ontario,Concord,Toronto Region,Full time,Permanent employment,Not specified,Not specified,"$62,000.00 to $79,000.00 annually",Year,62000.0,79000.0,62000.0,79000.0,70500.0,True,21211,5.0,5.0,5.0,5.0,5.0,4.0,4.0,4.0,4.0,3.0
15680559,data scientist,Business Intelligence and Data Lead (Designated),21211.0,Data scientists,2026-07-01,2026-07,1,Nova Scotia,Halifax,Halifax Region,Full time,Permanent employment,Not specified,Not specified,$30.00 to $69.74 hourly,Hour,30.0,69.74,62400.0,145059.19999999998,103729.59999999999,True,21211,5.0,5.0,5.0,5.0,5.0,4.0,4.0,4.0,4.0,3.0
15704901,data analyst - informatics and systems,Not specified,21223.0,Database analysts and data administrators,2026-07-10,2026-07,1,Ontario,Mississauga,Toronto Region,Full time,Permanent employment,Bachelor's degree,1 year to less than 2 years,$45.00 hourly,Hour,45.0,45.0,93600.0,93600.0,93600.0,True,21223,4.0,3.5,4.5,4.0,4.0,4.0,4.0,3.5,3.0,3.0
15731387,big data analyst,Data Analyst,21211.0,Data scientists,2026-07-21,2026-07,1,Ontario,Concord,Toronto Region,Full time,Not specified,Not specified,Not specified,"$45,000.00 to $55,000.00 annually",Year,45000.0,55000.0,45000.0,55000.0,50000.0,True,21211,5.0,5.0,5.0,5.0,5.0,4.0,4.0,4.0,4.0,3.0
15738649,data analyst - informatics and systems,Finance Data Analyst - Bilingual Required!,21223.0,Database analysts and data administrators,2026-07-23,2026-07,1,Québec,Saint-Laurent,Montréal Region,Full time,Permanent employment,Not specified,Not specified,$64.71 hourly,Hour,64.71,64.71,134596.8,134596.8,134596.8,True,21223,4.0,3.5,4.5,4.0,4.0,4.0,4.0,3.5,3.0,3.0
15725486,data scientist,Machine Learning Scientist (12 month term),21211.0,Data scientists,2026-07-18,2026-07,1,Alberta,Edmonton,Edmonton Region,Full time,Permanent employment,Not specified,Not specified,$30.00 to $69.74 hourly,Hour,30.0,69.74,62400.0,145059.19999999998,103729.59999999999,True,21211,5.0,5.0,5.0,5.0,5.0,4.0,4.0,4.0,4.0,3.0
15747768,data scientist,Not specified,21211.0,Data scientists,2026-07-28,2026-07,1,New Brunswick,Shediac,Moncton–Richibucto Region,Full time,Permanent employment,Bachelor's degree,3 years to less than 5 years,$42.00 to $45.00 hourly (to be negotiated),Hour,42.0,45.0,87360.0,93600.0,90480.0,True,21211,5.0,5.0,5.0,5.0,5.0,4.0,4.0,4.0,4.0,3.0
15740355,business data analyst,Junior Data Analyst (Research & Statistical Officer 1),21221.0,Business systems specialists,2026-07-24,2026-07,1,Nova Scotia,Halifax,Halifax Region,Full time,Permanent employment,Not specified,Not specified,"$1,946.91 to $2,698.22 biweekly",Bi-weekly,1946.91,2698.22,50619.66,70153.72,60386.69,True,21221,5.0,4.0,5.0,5.0,5.0,4.0,4.0,4.0,4.0,4.0
15684046,"Business Analyst, Data Analytics (#25370)",Not specified,,Not specified,2026-07-02,2026-07,1,Ontario,Ottawa,Ottawa Region,Not specified,Not specified,Not specified,Not specified,"$86,503.00 annually",Year,86503.0,86503.0,86503.0,86503.0,86503.0,True,,,,,,,,,,,
15703341,big data analyst,Data Analyst,21211.0,Data scientists,2026-07-09,2026-07,1,Ontario,Toronto,Toronto Region,Full time,Not specified,Not specified,Not specified,"$55,000.00 annually",Year,55000.0,55000.0,55000.0,55000.0,55000.0,True,21211,5.0,5.0,5.0,5.0,5.0,4.0,4.0,4.0,4.0,3.0
15720404,lead data scientist,Not specified,21211.0,Data scientists,2026-07-16,2026-07,1,Ontario,Toronto,Toronto Region,Full time,Term or contract,Not specified,Not specified,$50.00 to $55.00 hourly,Hour,50.0,55.0,104000.0,114400.0,109200.0,True,21211,5.0,5.0,5.0,5.0,5.0,4.0,4.0,4.0,4.0,3.0
15752279,data analytics specialist,Not specified,21211.0,Data scientists,2026-07-30,2026-07,1,Québec,Montréal,Montréal Region,Full time,Permanent employment,Bachelor's degree,7 months to less than 1 year,"$79,000.00 to $82,000.00 annually (to be negotiated)",Year,79000.0,82000.0,79000.0,82000.0,80500.0,True,21211,5.0,5.0,5.0,5.0,5.0,4.0,4.0,4.0,4.0,3.0
15693882,data analyst - informatics and systems,Not specified,21223.0,Database analysts and data administrators,2026-07-07,2026-07,1,Québec,Stoneham-et-Tewkesbury,Capitale-Nationale Region,Full time,Permanent employment,Bachelor's degree,No experience,$40.00 hourly,Hour,40.0,40.0,83200.0,83200.0,83200.0,True,21223,4.0,3.5,4.5,4.0,4.0,4.0,4.0,3.5,3.0,3.0
15734247,Geoscience Data Analyst,Not specified,,Not specified,2026-07-22,2026-07,1,Ontario,Ottawa,Ottawa Region,Full time,Permanent employment,Not specified,Not specified,"$101,672.00 annually",Year,101672.0,101672.0,101672.0,101672.0,101672.0,True,,,,,,,,,,,
15742413,data analyst - informatics and systems,Procurement Data Analyst,21223.0,Database analysts and data administrators,2026-07-25,2026-07,1,Ontario,Sudbury,Northeast Region,Not specified,Term or contract,Not specified,Not specified,$42.31 hourly,Hour,42.31,42.31,88004.8,88004.8,88004.8,True,21223,4.0,3.5,4.5,4.0,4.0,4.0,4.0,3.5,3.0,3.0
15697347,data analyst - informatics and systems,Spécialiste en informatique ? Analyste stratégique en données IMT,21223.0,Database analysts and data administrators,2026-07-08,2026-07,1,Québec,Longueuil,Montérégie Region,Full time,Permanent employment,Not specified,Not specified,"$80,000.00 to $85,000.00 annually",Year,80000.0,85000.0,80000.0,85000.0,82500.0,True,21223,4.0,3.5,4.5,4.0,4.0,4.0,4.0,3.5,3.0,3.0
15730915,data scientist,Not specified,21211.0,Data scientists,2026-07-21,2026-07,1,Saskatchewan,Saskatoon,Saskatoon–Biggar Region,Full time,Permanent employment,Bachelor's degree,3 years to less than 5 years,"$69,880.00 to $94,544.00 annually (to be negotiated)",Year,69880.0,94544.0,69880.0,94544.0,82212.0,True,21211,5.0,5.0,5.0,5.0,5.0,4.0,4.0,4.0,4.0,3.0
15728783,data scientist,Not specified,21211.0,Data scientists,2026-07-20,2026-07,1,Saskatchewan,Saskatoon,Saskatoon–Biggar Region,Full time,Not specified,Not specified,Not specified,"Salary Range is $69,880 to $94,544.",Year,69880.0,94544.0,69880.0,94544.0,82212.0,True,21211,5.0,5.0,5.0,5.0,5.0,4.0,4.0,4.0,4.0,3.0
15741682,data analyst - informatics and systems,Junior Data Analyst (Research &amp; Statistical Officer 1),21223.0,Database analysts and data administrators,2026-07-25,2026-07,1,Nova Scotia,Halifax,Halifax Region,Full time,Permanent employment,Not specified,Not specified,$25.00 to $61.03 hourly,Hour,25.0,61.03,52000.0,126942.4,89471.2,True,21223,4.0,3.5,4.5,4.0,4.0,4.0,4.0,3.5,3.0,3.0
15746387,data scientist,Not specified,21211.0,Data scientists,2026-07-28,2026-07,1,Québec,Laval,Laval Region,Full time,Permanent employment,Master's degree,3 years to less than 5 years,$41.91 to $49.10 hourly (to be negotiated),Hour,41.91,49.1,87172.79999999999,102128.0,94650.4,True,21211,5.0,5.0,5.0,5.0,5.0,4.0,4.0,4.0,4.0,3.0
15704200,data scientist,"Data Scientist, Marketing Analytics",21211.0,Data scientists,2026-07-10,2026-07,1,Québec,Montréal,Montréal Region,Full time,Permanent employment,Not specified,Not specified,$30.00 to $69.74 hourly,Hour,30.0,69.74,62400.0,145059.19999999998,103729.59999999999,True,21211,5.0,5.0,5.0,5.0,5.0,4.0,4.0,4.0,4.0,3.0
15710466,data analyst - informatics and systems,Not specified,21223.0,Database analysts and data administrators,2026-07-13,2026-07,1,Québec,Montréal,Montréal Region,Full time,Permanent employment,Not specified,Not specified,"$65,000.00 annually",Year,65000.0,65000.0,65000.0,65000.0,65000.0,True,21223,4.0,3.5,4.5,4.0,4.0,4.0,4.0,3.5,3.0,3.0
15699869,data analytics specialist,Data Specialist,21211.0,Data scientists,2026-07-08,2026-07,1,Ontario,Thunder Bay,Northwest Region,Full time,Not specified,Not specified,Not specified,"$63,408.00 to $70,453.00 annually",Year,63408.0,70453.0,63408.0,70453.0,66930.5,True,21211,5.0,5.0,5.0,5.0,5.0,4.0,4.0,4.0,4.0,3.0
15751631,data analyst - informatics and systems,Senior Data Analyst,21223.0,Database analysts and data administrators,2026-07-30,2026-07,1,Prince Edward Island,Charlottetown,Prince Edward Island,Full time,Permanent employment,Not specified,Not specified,$25.00 to $61.03 hourly,Hour,25.0,61.03,52000.0,126942.4,89471.2,True,21223,4.0,3.5,4.5,4.0,4.0,4.0,4.0,3.5,3.0,3.0
15752280,data analytics specialist,Not specified,21211.0,Data scientists,2026-07-30,2026-07,1,Québec,Mirabel,Laurentides Region,Full time,Permanent employment,Bachelor's degree,7 months to less than 1 year,"$79,000.00 to $82,000.00 annually (to be negotiated)",Year,79000.0,82000.0,79000.0,82000.0,80500.0,True,21211,5.0,5.0,5.0,5.0,5.0,4.0,4.0,4.0,4.0,3.0
15700978,data scientist,Senior Data Scientist I,21211.0,Data scientists,2026-07-09,2026-07,1,Québec,Montréal,Montréal Region,Full time,Permanent employment,Not specified,Not specified,$30.00 to $69.74 hourly,Hour,30.0,69.74,62400.0,145059.19999999998,103729.59999999999,True,21211,5.0,5.0,5.0,5.0,5.0,4.0,4.0,4.0,4.0,3.0
15715598,business intelligence specialist,Spécialiste Domaine BI (Intelligence d?affaires) ? Intermédiaire,21221.0,Business systems specialists,2026-07-14,2026-07,1,Québec,Montréal,Montréal Region,Full time,Permanent employment,Not specified,Not specified,"$75,000.00 annually",Year,75000.0,75000.0,75000.0,75000.0,75000.0,True,21221,5.0,4.0,5.0,5.0,5.0,4.0,4.0,4.0,4.0,4.0
15725487,data scientist,Senior Data Scientist II,21211.0,Data scientists,2026-07-18,2026-07,1,Québec,Montréal,Montréal Region,Full time,Permanent employment,Not specified,Not specified,$30.00 to $69.74 hourly,Hour,30.0,69.74,62400.0,145059.19999999998,103729.59999999999,True,21211,5.0,5.0,5.0,5.0,5.0,4.0,4.0,4.0,4.0,3.0
15749186,business intelligence specialist,Not specified,21221.0,Business systems specialists,2026-07-29,2026-07,1,Québec,Montréal,Montréal Region,Full time,Permanent employment,Bachelor's degree,2 years to less than 3 years,$36.00 hourly,Hour,36.0,36.0,74880.0,74880.0,74880.0,True,21221,5.0,4.0,5.0,5.0,5.0,4.0,4.0,4.0,4.0,4.0
15714556,big data analyst,Data Analyst,21211.0,Data scientists,2026-07-14,2026-07,1,British Columbia,Burnaby,Lower Mainland–Southwest Region,Full time,Not specified,Not specified,Not specified,"$60,000.00 to $70,000.00 annually",Year,60000.0,70000.0,60000.0,70000.0,65000.0,True,21211,5.0,5.0,5.0,5.0,5.0,4.0,4.0,4.0,4.0,3.0
15725527,data analyst - informatics and systems,Data Analyst Co-op (Master&amp;apos;s Student),21223.0,Database analysts and data administrators,2026-07-18,2026-07,1,Nova Scotia,Halifax,Halifax Region,Full time,Seasonal employment,Not specified,Not specified,$25.00 to $61.03 hourly,Hour,25.0,61.03,52000.0,126942.4,89471.2,True,21223,4.0,3.5,4.5,4.0,4.0,4.0,4.0,3.5,3.0,3.0
15725582,data analyst - informatics and systems,Data Analyst (Co-op Student),21223.0,Database analysts and data administrators,2026-07-18,2026-07,1,Nova Scotia,Halifax,Halifax Region,Full time,Permanent employment,Not specified,Not specified,$19.03 to $25.52 hourly,Hour,19.03,25.52,39582.4,53081.6,46332.0,True,21223,4.0,3.5,4.5,4.0,4.0,4.0,4.0,3.5,3.0,3.0
15753327,"Data Analyst, Senior Data Analyst and Data Advisor - Inventory",Not specified,,Not specified,2026-07-30,2026-07,1,Ontario,Ottawa,Ottawa Region,Full time,Permanent employment,Not specified,Not specified,"$83,862.00 annually",Year,83862.0,83862.0,83862.0,83862.0,83862.0,True,,,,,,,,,,,
15721008,data quality analyst,Coordinateur de la qualité,21223.0,Database analysts and data administrators,2026-07-16,2026-07,1,Québec,Val-d'Or,Abitibi-Témiscamingue Region,Full time,Permanent employment,Not specified,Not specified,$33.79 hourly,Hour,33.79,33.79,70283.2,70283.2,70283.2,True,21223,4.0,3.5,4.5,4.0,4.0,4.0,4.0,3.5,3.0,3.0
